fips,median_income,county,state
01001,58786,Autauga,Alabama
01003,55962,Baldwin,Alabama
01005,34186,Barbour,Alabama
01007,45340,Bibb,Alabama
01009,48695,Blount,Alabama
01011,32152,Bullock,Alabama
01013,39109,Butler,Alabama
01015,45197,Calhoun,Alabama
01017,39872,Chambers,Alabama
01019,41014,Cherokee,Alabama
01021,45182,Chilton,Alabama
01023,34884,Choctaw,Alabama
01025,36127,Clarke,Alabama
01027,41225,Clay,Alabama
01029,40188,Cleburne,Alabama
01031,53155,Coffee,Alabama
01033,47558,Colbert,Alabama
01035,33177,Conecuh,Alabama
01037,38301,Coosa,Alabama
01039,40601,Covington,Alabama
01041,39812,Crenshaw,Alabama
01043,42558,Cullman,Alabama
01045,45960,Dale,Alabama
01047,31602,Dallas,Alabama
01049,39233,DeKalb,Alabama
01051,59347,Elmore,Alabama
01053,35000,Escambia,Alabama
01055,44023,Etowah,Alabama
01057,37458,Fayette,Alabama
01059,40459,Franklin,Alabama
01061,38142,Geneva,Alabama
01063,21804,Greene,Alabama
01065,30571,Hale,Alabama
01067,48610,Henry,Alabama
01069,45496,Houston,Alabama
01071,39816,Jackson,Alabama
01073,51979,Jefferson,Alabama
01075,36756,Lamar,Alabama
01077,46265,Lauderdale,Alabama
01079,44515,Lawrence,Alabama
01081,48056,Lee,Alabama
01083,56460,Limestone,Alabama
01085,30833,Lowndes,Alabama
01087,32074,Macon,Alabama
01089,63417,Madison,Alabama
01091,32809,Marengo,Alabama
01093,35392,Marion,Alabama
01095,42490,Marshall,Alabama
01097,46166,Mobile,Alabama
01099,30141,Monroe,Alabama
01101,47990,Montgomery,Alabama
01103,49751,Morgan,Alabama
01105,23561,Perry,Alabama
01107,37458,Pickens,Alabama
01109,34678,Pike,Alabama
01111,41449,Randolph,Alabama
01113,40978,Russell,Alabama
01115,54887,St. Clair,Alabama
01117,75761,Shelby,Alabama
01119,23132,Sumter,Alabama
01121,41012,Talladega,Alabama
01123,43361,Tallapoosa,Alabama
01125,52221,Tuscaloosa,Alabama
01127,41748,Walker,Alabama
01129,40794,Washington,Alabama
01131,27237,Wilcox,Alabama
01133,38504,Winston,Alabama
02013,69706,Aleutians East Borough,Alaska
02016,85517,Aleutians West Census Area,Alaska
02020,83280,Anchorage,Alaska
02050,54212,Bethel Census Area,Alaska
02060,84688,Bristol Bay Borough,Alaska
02068,84196,Denali Borough,Alaska
02070,58750,Dillingham Census Area,Alaska
02090,77095,Fairbanks North Star Borough,Alaska
02100,64342,Haines Borough,Alaska
02105,63603,Hoonah-Angoon Census Area,Alaska
02110,88213,Juneau City and Borough,Alaska
02122,66684,Kenai Peninsula Borough,Alaska
02130,70356,Ketchikan Gateway Borough,Alaska
02150,78281,Kodiak Island Borough,Alaska
02158,35539,Kusilvak Census Area,Alaska
02164,46406,Lake and Peninsula Borough,Alaska
02170,75905,Matanuska-Susitna Borough,Alaska
02180,58987,Nome Census Area,Alaska
02185,75431,North Slope Borough,Alaska
02188,62949,Northwest Arctic Borough,Alaska
02195,66907,Petersburg Borough,Alaska
02198,54191,Prince of Wales-Hyder Census Area,Alaska
02220,71534,Sitka City and Borough,Alaska
02230,72237,Skagway,Alaska
02240,71541,Southeast Fairbanks Census Area,Alaska
02261,82306,Valdez-Cordova Census Area,Alaska
02275,57583,Wrangell City and Borough,Alaska
02282,65833,Yakutat City and Borough,Alaska
02290,40000,Yukon-Koyukuk Census Area,Alaska
04001,32963,Apache,Arizona
04003,48649,Cochise,Arizona
04005,57616,Coconino,Arizona
04007,42092,Gila,Arizona
04009,51352,Graham,Arizona
04011,60962,Greenlee,Arizona
04012,33333,La Paz,Arizona
04013,61606,Maricopa,Arizona
04015,43266,Mohave,Arizona
04017,40054,Navajo,Arizona
04019,51037,Pima,Arizona
04021,55550,Pinal,Arizona
04023,40467,Santa Cruz,Arizona
04025,50180,Yavapai,Arizona
04027,44058,Yuma,Arizona
05001,39466,Arkansas,Arkansas
05003,39635,Ashley,Arkansas
05005,41481,Baxter,Arkansas
05007,64141,Benton,Arkansas
05009,43262,Boone,Arkansas
05011,39510,Bradley,Arkansas
05013,44022,Calhoun,Arkansas
05015,43505,Carroll,Arkansas
05017,33051,Chicot,Arkansas
05019,39752,Clark,Arkansas
05021,33935,Clay,Arkansas
05023,43391,Cleburne,Arkansas
05025,42460,Cleveland,Arkansas
05027,36148,Columbia,Arkansas
05029,41196,Conway,Arkansas
05031,45868,Craighead,Arkansas
05033,46619,Crawford,Arkansas
05035,39002,Crittenden,Arkansas
05037,43838,Cross,Arkansas
05039,36628,Dallas,Arkansas
05041,30234,Desha,Arkansas
05043,43014,Drew,Arkansas
05045,51930,Faulkner,Arkansas
05047,39463,Franklin,Arkansas
05049,36184,Fulton,Arkansas
05051,43146,Garland,Arkansas
05053,51920,Grant,Arkansas
05055,47497,Greene,Arkansas
05057,41355,Hempstead,Arkansas
05059,41262,Hot Spring,Arkansas
05061,35900,Howard,Arkansas
05063,43523,Independence,Arkansas
05065,40218,Izard,Arkansas
05067,33174,Jackson,Arkansas
05069,38289,Jefferson,Arkansas
05071,37170,Johnson,Arkansas
05073,32412,Lafayette,Arkansas
05075,38528,Lawrence,Arkansas
05077,28367,Lee,Arkansas
05079,45166,Lincoln,Arkansas
05081,45388,Little River,Arkansas
05083,39748,Logan,Arkansas
05085,57509,Lonoke,Arkansas
05087,43891,Madison,Arkansas
05089,35518,Marion,Arkansas
05091,41903,Miller,Arkansas
05093,37237,Mississippi,Arkansas
05095,35190,Monroe,Arkansas
05097,37855,Montgomery,Arkansas
05099,37635,Nevada,Arkansas
05101,39896,Newton,Arkansas
05103,34887,Ouachita,Arkansas
05105,46071,Perry,Arkansas
05107,29263,Phillips,Arkansas
05109,37406,Pike,Arkansas
05111,39277,Poinsett,Arkansas
05113,37035,Polk,Arkansas
05115,41914,Pope,Arkansas
05117,41846,Prairie,Arkansas
05119,50093,Pulaski,Arkansas
05121,36870,Randolph,Arkansas
05123,35356,St. Francis,Arkansas
05125,62152,Saline,Arkansas
05127,35509,Scott,Arkansas
05129,36390,Searcy,Arkansas
05131,43240,Sebastian,Arkansas
05133,46667,Sevier,Arkansas
05135,33708,Sharp,Arkansas
05137,36162,Stone,Arkansas
05139,44000,Union,Arkansas
05141,36897,Van Buren,Arkansas
05143,49629,Washington,Arkansas
05145,43822,White,Arkansas
05147,31023,Woodruff,Arkansas
05149,42361,Yell,Arkansas
06001,92574,Alameda,California
06003,64688,Alpine,California
06005,61198,Amador,California
06007,48443,Butte,California
06009,58151,Calaveras,California
06011,56704,Colusa,California
06013,93712,Contra Costa,California
06015,45258,Del Norte,California
06017,80582,El Dorado,California
06019,51261,Fresno,California
06021,47395,Glenn,California
06023,45528,Humboldt,California
06025,45834,Imperial,California
06027,52874,Inyo,California
06029,52479,Kern,California
06031,53865,Kings,California
06033,42475,Lake,California
06035,56362,Lassen,California
06037,64251,Los Angeles,California
06039,52884,Madera,California
06041,110217,Marin,California
06043,51199,Mariposa,California
06045,49233,Mendocino,California
06047,50129,Merced,California
06049,45149,Modoc,California
06051,63018,Mono,California
06053,66676,Monterey,California
06055,84753,Napa,California
06057,63240,Nevada,California
06059,85398,Orange,California
06061,84357,Placer,California
06063,53270,Plumas,California
06065,63948,Riverside,California
06067,63902,Sacramento,California
06069,81977,San Benito,California
06071,60164,San Bernardino,California
06073,74855,San Diego,California
06075,104552,San Francisco,California
06077,61145,San Joaquin,California
06079,70699,San Luis Obispo,California
06081,113776,San Mateo,California
06083,71657,Santa Barbara,California
06085,116178,Santa Clara,California
06087,78041,Santa Cruz,California
06089,50905,Shasta,California
06091,48125,Sierra,California
06093,44200,Siskiyou,California
06095,77609,Solano,California
06097,76753,Sonoma,California
06099,57387,Stanislaus,California
06101,56955,Sutter,California
06103,42899,Tehama,California
06105,38497,Trinity,California
06107,47518,Tulare,California
06109,56493,Tuolumne,California
06111,84017,Ventura,California
06113,65923,Yolo,California
06115,52624,Yuba,California
08001,67575,Adams,Colorado
08003,39191,Alamosa,Colorado
08005,73925,Arapahoe,Colorado
08007,50753,Archuleta,Colorado
08009,37500,Baca,Colorado
08011,34392,Bent,Colorado
08013,78642,Boulder,Colorado
08014,89624,Broomfield,Colorado
08015,54580,Chaffee,Colorado
08017,55227,Cheyenne,Colorado
08019,69936,Clear Creek,Colorado
08021,34746,Conejos,Colorado
08023,30593,Costilla,Colorado
08025,37586,Crowley,Colorado
08027,44644,Custer,Colorado
08029,44512,Delta,Colorado
08031,63793,Denver,Colorado
08033,41714,Dolores,Colorado
08035,115314,Douglas,Colorado
08037,84685,Eagle,Colorado
08039,96658,Elbert,Colorado
08041,65334,El Paso,Colorado
08043,46296,Fremont,Colorado
08045,72898,Garfield,Colorado
08047,75120,Gilpin,Colorado
08049,70469,Grand,Colorado
08051,54979,Gunnison,Colorado
08053,52188,Hinsdale,Colorado
08055,36705,Huerfano,Colorado
08057,48828,Jackson,Colorado
08059,78943,Jefferson,Colorado
08061,39784,Kiowa,Colorado
08063,51046,Kit Carson,Colorado
08065,46918,Lake,Colorado
08067,64372,La Plata,Colorado
08069,67664,Larimer,Colorado
08071,41945,Las Animas,Colorado
08073,49423,Lincoln,Colorado
08075,48922,Logan,Colorado
08077,53683,Mesa,Colorado
08079,61058,Mineral,Colorado
08081,52807,Moffat,Colorado
08083,46797,Montezuma,Colorado
08085,48739,Montrose,Colorado
08087,51626,Morgan,Colorado
08089,34136,Otero,Colorado
08091,62230,Ouray,Colorado
08093,66861,Park,Colorado
08095,50724,Phillips,Colorado
08097,71244,Pitkin,Colorado
08099,40097,Prowers,Colorado
08101,44634,Pueblo,Colorado
08103,55543,Rio Blanco,Colorado
08105,38639,Rio Grande,Colorado
08107,74273,Routt,Colorado
08109,34410,Saguache,Colorado
08111,46563,San Juan,Colorado
08113,64478,San Miguel,Colorado
08115,45188,Sedgwick,Colorado
08117,77589,Summit,Colorado
08119,65382,Teller,Colorado
08121,49375,Washington,Colorado
08123,70908,Weld,Colorado
08125,48394,Yuma,Colorado
09001,92969,Fairfield,Connecticut
09003,72321,Hartford,Connecticut
09005,78314,Litchfield,Connecticut
09007,84761,Middlesex,Connecticut
09009,67128,New Haven,Connecticut
09011,71368,New London,Connecticut
09013,84916,Tolland,Connecticut
09015,64774,Windham,Connecticut
10001,58775,Kent,Delaware
10003,70996,New Castle,Delaware
10005,60853,Sussex,Delaware
11001,82604,District of Columbia,District of Columbia
12001,49078,Alachua,Florida
12003,61769,Baker,Florida
12005,51829,Bay,Florida
12007,46197,Bradford,Florida
12009,54359,Brevard,Florida
12011,57333,Broward,Florida
12013,38609,Calhoun,Florida
12015,49225,Charlotte,Florida
12017,41424,Citrus,Florida
12019,62653,Clay,Florida
12021,65675,Collier,Florida
12023,44491,Columbia,Florida
12027,35057,DeSoto,Florida
12029,38237,Dixie,Florida
12031,53473,Duval,Florida
12033,49286,Escambia,Florida
12035,53872,Flagler,Florida
12037,42855,Franklin,Florida
12039,40922,Gadsden,Florida
12041,42357,Gilchrist,Florida
12043,39879,Glades,Florida
12045,44291,Gulf,Florida
12047,34583,Hamilton,Florida
12049,37594,Hardee,Florida
12051,40728,Hendry,Florida
12053,46030,Hernando,Florida
12055,37314,Highlands,Florida
12057,56137,Hillsborough,Florida
12059,38608,Holmes,Florida
12061,52336,Indian River,Florida
12063,39002,Jackson,Florida
12065,48173,Jefferson,Florida
12067,39543,Lafayette,Florida
12069,51884,Lake,Florida
12071,54691,Lee,Florida
12073,51201,Leon,Florida
12075,37634,Levy,Florida
12077,37363,Liberty,Florida
12079,35509,Madison,Florida
12081,56036,Manatee,Florida
12083,43361,Marion,Florida
12085,57959,Martin,Florida
12086,48982,Miami-Dade,Florida
12087,67023,Monroe,Florida
12089,66297,Nassau,Florida
12091,62048,Okaloosa,Florida
12093,40367,Okeechobee,Florida
12095,54335,Orange,Florida
12097,50063,Osceola,Florida
12099,59943,Palm Beach,Florida
12101,50417,Pasco,Florida
12103,51454,Pinellas,Florida
12105,48500,Polk,Florida
12107,35649,Putnam,Florida
12109,77323,St. Johns,Florida
12111,49373,St. Lucie,Florida
12113,66242,Santa Rosa,Florida
12115,58644,Sarasota,Florida
12117,63760,Seminole,Florida
12119,55228,Sumter,Florida
12121,42686,Suwannee,Florida
12123,36934,Taylor,Florida
12125,41770,Union,Florida
12127,46760,Volusia,Florida
12129,62778,Wakulla,Florida
12131,53785,Walton,Florida
12133,37188,Washington,Florida
13001,39561,Appling,Georgia
13003,34877,Atkinson,Georgia
13005,36964,Bacon,Georgia
13007,37188,Baker,Georgia
13009,39426,Baldwin,Georgia
13011,45373,Banks,Georgia
13013,57348,Barrow,Georgia
13015,55452,Bartow,Georgia
13017,32705,Ben Hill,Georgia
13019,37163,Berrien,Georgia
13021,39931,Bibb,Georgia
13023,45029,Bleckley,Georgia
13025,37031,Brantley,Georgia
13027,34322,Brooks,Georgia
13029,71322,Bryan,Georgia
13031,41789,Bulloch,Georgia
13033,42773,Burke,Georgia
13035,41845,Butts,Georgia
13037,31725,Calhoun,Georgia
13039,56397,Camden,Georgia
13043,32937,Candler,Georgia
13045,49608,Carroll,Georgia
13047,55125,Catoosa,Georgia
13049,40283,Charlton,Georgia
13051,54911,Chatham,Georgia
13053,46453,Chattahoochee,Georgia
13055,36107,Chattooga,Georgia
13057,79670,Cherokee,Georgia
13059,36889,Clarke,Georgia
13061,25000,Clay,Georgia
13063,45778,Clayton,Georgia
13065,25236,Clinch,Georgia
13067,75153,Cobb,Georgia
13069,38266,Coffee,Georgia
13071,35472,Colquitt,Georgia
13073,76938,Columbia,Georgia
13075,38408,Cook,Georgia
13077,70717,Coweta,Georgia
13079,43257,Crawford,Georgia
13081,35096,Crisp,Georgia
13083,44471,Dade,Georgia
13085,65805,Dawson,Georgia
13087,39148,Decatur,Georgia
13089,59280,DeKalb,Georgia
13091,35757,Dodge,Georgia
13093,35629,Dooly,Georgia
13095,37633,Dougherty,Georgia
13097,62147,Douglas,Georgia
13099,31567,Early,Georgia
13101,34447,Echols,Georgia
13103,65153,Effingham,Georgia
13105,37943,Elbert,Georgia
13107,34946,Emanuel,Georgia
13109,39701,Evans,Georgia
13111,45647,Fannin,Georgia
13113,87272,Fayette,Georgia
13115,46367,Floyd,Georgia
13117,101743,Forsyth,Georgia
13119,40198,Franklin,Georgia
13121,64787,Fulton,Georgia
13123,49389,Gilmer,Georgia
13125,41686,Glascock,Georgia
13127,50672,Glynn,Georgia
13129,44313,Gordon,Georgia
13131,42348,Grady,Georgia
13133,49755,Greene,Georgia
13135,67769,Gwinnett,Georgia
13137,49140,Habersham,Georgia
13139,59898,Hall,Georgia
13141,31984,Hancock,Georgia
13143,46353,Haralson,Georgia
13145,74261,Harris,Georgia
13147,41358,Hart,Georgia
13149,48094,Heard,Georgia
13151,68609,Henry,Georgia
13153,58770,Houston,Georgia
13155,32339,Irwin,Georgia
13157,62495,Jackson,Georgia
13159,43284,Jasper,Georgia
13161,36531,Jeff Davis,Georgia
13163,34300,Jefferson,Georgia
13165,27311,Jenkins,Georgia
13167,39813,Johnson,Georgia
13169,53155,Jones,Georgia
13171,41464,Lamar,Georgia
13173,39104,Lanier,Georgia
13175,37369,Laurens,Georgia
13177,65420,Lee,Georgia
13179,45959,Liberty,Georgia
13181,41014,Lincoln,Georgia
13183,55439,Long,Georgia
13185,41390,Lowndes,Georgia
13187,47488,Lumpkin,Georgia
13189,39199,McDuffie,Georgia
13191,47114,McIntosh,Georgia
13193,31999,Macon,Georgia
13195,51701,Madison,Georgia
13197,44309,Marion,Georgia
13199,36351,Meriwether,Georgia
13201,42927,Miller,Georgia
13205,37027,Mitchell,Georgia
13207,54050,Monroe,Georgia
13209,40728,Montgomery,Georgia
13211,62530,Morgan,Georgia
13213,45238,Murray,Georgia
13215,45389,Muscogee,Georgia
13217,53309,Newton,Georgia
13219,88308,Oconee,Georgia
13221,44927,Oglethorpe,Georgia
13223,66467,Paulding,Georgia
13225,42802,Peach,Georgia
13227,64512,Pickens,Georgia
13229,44167,Pierce,Georgia
13231,58765,Pike,Georgia
13233,43491,Polk,Georgia
13235,38770,Pulaski,Georgia
13237,51245,Putnam,Georgia
13239,30000,Quitman,Georgia
13241,40902,Rabun,Georgia
13243,30914,Randolph,Georgia
13245,40644,Richmond,Georgia
13247,57049,Rockdale,Georgia
13249,41276,Schley,Georgia
13251,37588,Screven,Georgia
13253,34338,Seminole,Georgia
13255,42671,Spalding,Georgia
13257,43416,Stephens,Georgia
13259,25385,Stewart,Georgia
13261,36205,Sumter,Georgia
13263,36213,Talbot,Georgia
13265,31797,Taliaferro,Georgia
13267,38034,Tattnall,Georgia
13269,33442,Taylor,Georgia
13271,30288,Telfair,Georgia
13273,38015,Terrell,Georgia
13275,40112,Thomas,Georgia
13277,42790,Tift,Georgia
13279,36575,Toombs,Georgia
13281,43927,Towns,Georgia
13283,37606,Treutlen,Georgia
13285,43850,Troup,Georgia
13287,38341,Turner,Georgia
13289,33037,Twiggs,Georgia
13291,44978,Union,Georgia
13293,36529,Upson,Georgia
13295,43650,Walker,Georgia
13297,58370,Walton,Georgia
13299,39887,Ware,Georgia
13301,34730,Warren,Georgia
13303,38092,Washington,Georgia
13305,44869,Wayne,Georgia
13307,35755,Webster,Georgia
13309,27626,Wheeler,Georgia
13311,46288,White,Georgia
13313,46970,Whitfield,Georgia
13315,36077,Wilcox,Georgia
13317,35106,Wilkes,Georgia
13319,37583,Wilkinson,Georgia
13321,46076,Worth,Georgia
15001,59297,Hawaii,Hawaii
15003,82906,Honolulu,Hawaii
15005,61875,Kalawao,Hawaii
15007,78482,Kauai,Hawaii
15009,77117,Maui,Hawaii
16001,63137,Ada,Idaho
16003,45319,Adams,Idaho
16005,49739,Bannock,Idaho
16007,54265,Bear Lake,Idaho
16009,46507,Benewah,Idaho
16011,51288,Bingham,Idaho
16013,51968,Blaine,Idaho
16015,53942,Boise,Idaho
16017,48710,Bonner,Idaho
16019,56609,Bonneville,Idaho
16021,43507,Boundary,Idaho
16023,42250,Butte,Idaho
16025,38393,Camas,Idaho
16027,49143,Canyon,Idaho
16029,59611,Caribou,Idaho
16031,50918,Cassia,Idaho
16033,35341,Clark,Idaho
16035,42348,Clearwater,Idaho
16037,39957,Custer,Idaho
16039,46715,Elmore,Idaho
16041,56613,Franklin,Idaho
16043,53311,Fremont,Idaho
16045,43001,Gem,Idaho
16047,48638,Gooding,Idaho
16049,39113,Idaho,Idaho
16051,60162,Jefferson,Idaho
16053,49306,Jerome,Idaho
16055,54457,Kootenai,Idaho
16057,45466,Latah,Idaho
16059,37921,Lemhi,Idaho
16061,41326,Lewis,Idaho
16063,48222,Lincoln,Idaho
16065,36031,Madison,Idaho
16067,50663,Minidoka,Idaho
16069,54174,Nez Perce,Idaho
16071,51058,Oneida,Idaho
16073,40430,Owyhee,Idaho
16075,50289,Payette,Idaho
16077,49985,Power,Idaho
16079,39091,Shoshone,Idaho
16081,68818,Teton,Idaho
16083,50778,Twin Falls,Idaho
16085,55299,Valley,Idaho
16087,37206,Washington,Idaho
17001,51398,Adams,Illinois
17003,34709,Alexander,Illinois
17005,58097,Bond,Illinois
17007,66898,Boone,Illinois
17009,58762,Brown,Illinois
17011,55940,Bureau,Illinois
17013,54392,Calhoun,Illinois
17015,51228,Carroll,Illinois
17017,51997,Cass,Illinois
17019,51692,Champaign,Illinois
17021,52415,Christian,Illinois
17023,54158,Clark,Illinois
17025,48691,Clay,Illinois
17027,65010,Clinton,Illinois
17029,44071,Coles,Illinois
17031,62088,Cook,Illinois
17033,49233,Crawford,Illinois
17035,53376,Cumberland,Illinois
17037,61086,DeKalb,Illinois
17039,55591,De Witt,Illinois
17041,54218,Douglas,Illinois
17043,88711,DuPage,Illinois
17045,51109,Edgar,Illinois
17047,49766,Edwards,Illinois
17049,56293,Effingham,Illinois
17051,44432,Fayette,Illinois
17053,51120,Ford,Illinois
17055,41414,Franklin,Illinois
17057,50180,Fulton,Illinois
17059,42500,Gallatin,Illinois
17061,46052,Greene,Illinois
17063,74140,Grundy,Illinois
17065,56862,Hamilton,Illinois
17067,51549,Hancock,Illinois
17069,43081,Hardin,Illinois
17071,52712,Henderson,Illinois
17073,57250,Henry,Illinois
17075,51825,Iroquois,Illinois
17077,37802,Jackson,Illinois
17079,54951,Jasper,Illinois
17081,47617,Jefferson,Illinois
17083,56747,Jersey,Illinois
17085,57083,Jo Daviess,Illinois
17087,50923,Johnson,Illinois
17089,76912,Kane,Illinois
17091,57981,Kankakee,Illinois
17093,91764,Kendall,Illinois
17095,43709,Knox,Illinois
17097,86244,Lake,Illinois
17099,56243,LaSalle,Illinois
17101,45654,Lawrence,Illinois
17103,57901,Lee,Illinois
17105,56200,Livingston,Illinois
17107,57899,Logan,Illinois
17109,43724,McDonough,Illinois
17111,84803,McHenry,Illinois
17113,65813,McLean,Illinois
17115,50444,Macon,Illinois
17117,53778,Macoupin,Illinois
17119,57890,Madison,Illinois
17121,46102,Marion,Illinois
17123,55901,Marshall,Illinois
17125,45596,Mason,Illinois
17127,42604,Massac,Illinois
17129,69102,Menard,Illinois
17131,58011,Mercer,Illinois
17133,81268,Monroe,Illinois
17135,50304,Montgomery,Illinois
17137,48508,Morgan,Illinois
17139,59623,Moultrie,Illinois
17141,59707,Ogle,Illinois
17143,54770,Peoria,Illinois
17145,48298,Perry,Illinois
17147,69271,Piatt,Illinois
17149,42664,Pike,Illinois
17151,40671,Pope,Illinois
17153,33799,Pulaski,Illinois
17155,65034,Putnam,Illinois
17157,52107,Randolph,Illinois
17159,48724,Richland,Illinois
17161,52630,Rock Island,Illinois
17163,53681,St. Clair,Illinois
17165,41167,Saline,Illinois
17167,60466,Sangamon,Illinois
17169,46151,Schuyler,Illinois
17171,53973,Scott,Illinois
17173,51157,Shelby,Illinois
17175,52260,Stark,Illinois
17177,48016,Stephenson,Illinois
17179,62342,Tazewell,Illinois
17181,49182,Union,Illinois
17183,45384,Vermilion,Illinois
17185,51432,Wabash,Illinois
17187,49607,Warren,Illinois
17189,59469,Washington,Illinois
17191,49764,Wayne,Illinois
17193,47773,White,Illinois
17195,53828,Whiteside,Illinois
17197,83504,Will,Illinois
17199,49053,Williamson,Illinois
17201,52743,Winnebago,Illinois
17203,71867,Woodford,Illinois
18001,51713,Adams,Indiana
18003,53402,Allen,Indiana
18005,59045,Bartholomew,Indiana
18007,46188,Benton,Indiana
18009,42217,Blackford,Indiana
18011,80567,Boone,Indiana
18013,61455,Brown,Indiana
18015,56429,Carroll,Indiana
18017,47545,Cass,Indiana
18019,54240,Clark,Indiana
18021,53021,Clay,Indiana
18023,52488,Clinton,Indiana
18025,43875,Crawford,Indiana
18027,51032,Daviess,Indiana
18029,65096,Dearborn,Indiana
18031,54622,Decatur,Indiana
18033,53808,DeKalb,Indiana
18035,42705,Delaware,Indiana
18037,58994,Dubois,Indiana
18039,55399,Elkhart,Indiana
18041,43317,Fayette,Indiana
18043,61754,Floyd,Indiana
18045,49887,Fountain,Indiana
18047,58382,Franklin,Indiana
18049,49333,Fulton,Indiana
18051,52620,Gibson,Indiana
18053,42593,Grant,Indiana
18055,49177,Greene,Indiana
18057,94644,Hamilton,Indiana
18059,73142,Hancock,Indiana
18061,57132,Harrison,Indiana
18063,78355,Hendricks,Indiana
18065,48235,Henry,Indiana
18067,50869,Howard,Indiana
18069,52208,Huntington,Indiana
18071,49506,Jackson,Indiana
18073,59574,Jasper,Indiana
18075,44772,Jay,Indiana
18077,51119,Jefferson,Indiana
18079,49801,Jennings,Indiana
18081,68712,Johnson,Indiana
18083,46457,Knox,Indiana
18085,58402,Kosciusko,Indiana
18087,60675,LaGrange,Indiana
18089,54249,Lake,Indiana
18091,51101,LaPorte,Indiana
18093,52092,Lawrence,Indiana
18095,47436,Madison,Indiana
18097,46692,Marion,Indiana
18099,54229,Marshall,Indiana
18101,51224,Martin,Indiana
18103,47460,Miami,Indiana
18105,47075,Monroe,Indiana
18107,53610,Montgomery,Indiana
18109,62462,Morgan,Indiana
18111,53146,Newton,Indiana
18113,55033,Noble,Indiana
18115,61148,Ohio,Indiana
18117,45341,Orange,Indiana
18119,48667,Owen,Indiana
18121,48788,Parke,Indiana
18123,51064,Perry,Indiana
18125,52527,Pike,Indiana
18127,68044,Porter,Indiana
18129,62583,Posey,Indiana
18131,48370,Pulaski,Indiana
18133,56169,Putnam,Indiana
18135,45601,Randolph,Indiana
18137,56295,Ripley,Indiana
18139,50535,Rush,Indiana
18141,50938,St. Joseph,Indiana
18143,47123,Scott,Indiana
18145,59214,Shelby,Indiana
18147,56998,Spencer,Indiana
18149,48895,Starke,Indiana
18151,56101,Steuben,Indiana
18153,46517,Sullivan,Indiana
18155,47929,Switzerland,Indiana
18157,51844,Tippecanoe,Indiana
18159,55479,Tipton,Indiana
18161,48227,Union,Indiana
18163,46943,Vanderburgh,Indiana
18165,48377,Vermillion,Indiana
18167,43859,Vigo,Indiana
18169,50637,Wabash,Indiana
18171,61148,Warren,Indiana
18173,70648,Warrick,Indiana
18175,47078,Washington,Indiana
18177,44228,Wayne,Indiana
18179,56265,Wells,Indiana
18181,55086,White,Indiana
18183,61153,Whitley,Indiana
19001,51859,Adair,Iowa
19003,49229,Adams,Iowa
19005,51057,Allamakee,Iowa
19007,41111,Appanoose,Iowa
19009,50397,Audubon,Iowa
19011,65475,Benton,Iowa
19013,52688,Black Hawk,Iowa
19015,61111,Boone,Iowa
19017,68023,Bremer,Iowa
19019,61409,Buchanan,Iowa
19021,54556,Buena Vista,Iowa
19023,55999,Butler,Iowa
19025,50800,Calhoun,Iowa
19027,57674,Carroll,Iowa
19029,48178,Cass,Iowa
19031,65791,Cedar,Iowa
19033,52902,Cerro Gordo,Iowa
19035,54658,Cherokee,Iowa
19037,55385,Chickasaw,Iowa
19039,51571,Clarke,Iowa
19041,47874,Clay,Iowa
19043,52828,Clayton,Iowa
19045,50156,Clinton,Iowa
19047,53609,Crawford,Iowa
19049,84790,Dallas,Iowa
19051,58464,Davis,Iowa
19053,42614,Decatur,Iowa
19055,61179,Delaware,Iowa
19057,49977,Des Moines,Iowa
19059,58099,Dickinson,Iowa
19061,61321,Dubuque,Iowa
19063,48542,Emmet,Iowa
19065,50015,Fayette,Iowa
19067,48110,Floyd,Iowa
19069,53742,Franklin,Iowa
19071,54281,Fremont,Iowa
19073,54050,Greene,Iowa
19075,66965,Grundy,Iowa
19077,57075,Guthrie,Iowa
19079,56273,Hamilton,Iowa
19081,61167,Hancock,Iowa
19083,53872,Hardin,Iowa
19085,60063,Harrison,Iowa
19087,52428,Henry,Iowa
19089,52742,Howard,Iowa
19091,52219,Humboldt,Iowa
19093,55969,Ida,Iowa
19095,58570,Iowa,Iowa
19097,54070,Jackson,Iowa
19099,55727,Jasper,Iowa
19101,43378,Jefferson,Iowa
19103,61640,Johnson,Iowa
19105,56012,Jones,Iowa
19107,51043,Keokuk,Iowa
19109,54146,Kossuth,Iowa
19111,48571,Lee,Iowa
19113,64862,Linn,Iowa
19115,53943,Louisa,Iowa
19117,50206,Lucas,Iowa
19119,64352,Lyon,Iowa
19121,64512,Madison,Iowa
19123,52950,Mahaska,Iowa
19125,58492,Marion,Iowa
19127,54027,Marshall,Iowa
19129,69177,Mills,Iowa
19131,55553,Mitchell,Iowa
19133,45252,Monona,Iowa
19135,49549,Monroe,Iowa
19137,47648,Montgomery,Iowa
19139,57348,Muscatine,Iowa
19141,53045,O'Brien,Iowa
19143,58125,Osceola,Iowa
19145,49974,Page,Iowa
19147,52462,Palo Alto,Iowa
19149,64296,Plymouth,Iowa
19151,49877,Pocahontas,Iowa
19153,66044,Polk,Iowa
19155,57467,Pottawattamie,Iowa
19157,53520,Poweshiek,Iowa
19159,52005,Ringgold,Iowa
19161,54958,Sac,Iowa
19163,58803,Scott,Iowa
19165,55489,Shelby,Iowa
19167,67178,Sioux,Iowa
19169,54554,Story,Iowa
19171,55898,Tama,Iowa
19173,48717,Taylor,Iowa
19175,47518,Union,Iowa
19177,47083,Van Buren,Iowa
19179,45233,Wapello,Iowa
19181,74383,Warren,Iowa
19183,61769,Washington,Iowa
19185,45017,Wayne,Iowa
19187,44261,Webster,Iowa
19189,51002,Winnebago,Iowa
19191,62820,Winneshiek,Iowa
19193,55483,Woodbury,Iowa
19195,54329,Worth,Iowa
19197,50198,Wright,Iowa
20001,42679,Allen,Kansas
20003,46274,Anderson,Kansas
20005,48667,Atchison,Kansas
20007,50613,Barber,Kansas
20009,50198,Barton,Kansas
20011,40733,Bourbon,Kansas
20013,48547,Brown,Kansas
20015,63272,Butler,Kansas
20017,46295,Chase,Kansas
20019,38690,Chautauqua,Kansas
20021,41103,Cherokee,Kansas
20023,46833,Cheyenne,Kansas
20025,50368,Clark,Kansas
20027,56186,Clay,Kansas
20029,44143,Cloud,Kansas
20031,58636,Coffey,Kansas
20033,56912,Comanche,Kansas
20035,48087,Cowley,Kansas
20037,40174,Crawford,Kansas
20039,44104,Decatur,Kansas
20041,48167,Dickinson,Kansas
20043,49338,Doniphan,Kansas
20045,55832,Douglas,Kansas
20047,49293,Edwards,Kansas
20049,38494,Elk,Kansas
20051,52700,Ellis,Kansas
20053,48188,Ellsworth,Kansas
20055,56573,Finney,Kansas
20057,53072,Ford,Kansas
20059,55486,Franklin,Kansas
20061,49185,Geary,Kansas
20063,48894,Gove,Kansas
20065,40769,Graham,Kansas
20067,55455,Grant,Kansas
20069,64426,Gray,Kansas
20071,51250,Greeley,Kansas
20073,42595,Greenwood,Kansas
20075,45000,Hamilton,Kansas
20077,49455,Harper,Kansas
20079,56051,Harvey,Kansas
20081,53527,Haskell,Kansas
20083,53854,Hodgeman,Kansas
20085,55904,Jackson,Kansas
20087,61793,Jefferson,Kansas
20089,42552,Jewell,Kansas
20091,84915,Johnson,Kansas
20093,51314,Kearny,Kansas
20095,58483,Kingman,Kansas
20097,51336,Kiowa,Kansas
20099,47668,Labette,Kansas
20101,51719,Lane,Kansas
20103,71184,Leavenworth,Kansas
20105,46196,Lincoln,Kansas
20107,43699,Linn,Kansas
20109,51597,Logan,Kansas
20111,44191,Lyon,Kansas
20113,57765,McPherson,Kansas
20115,51262,Marion,Kansas
20117,50234,Marshall,Kansas
20119,55568,Meade,Kansas
20121,69150,Miami,Kansas
20123,45221,Mitchell,Kansas
20125,45173,Montgomery,Kansas
20127,50352,Morris,Kansas
20129,43925,Morton,Kansas
20131,58644,Nemaha,Kansas
20133,44294,Neosho,Kansas
20135,51033,Ness,Kansas
20137,49891,Norton,Kansas
20139,55036,Osage,Kansas
20141,48355,Osborne,Kansas
20143,51971,Ottawa,Kansas
20145,42853,Pawnee,Kansas
20147,48272,Phillips,Kansas
20149,64657,Pottawatomie,Kansas
20151,54029,Pratt,Kansas
20153,48125,Rawlins,Kansas
20155,49174,Reno,Kansas
20157,48022,Republic,Kansas
20159,50764,Rice,Kansas
20161,49910,Riley,Kansas
20163,50511,Rooks,Kansas
20165,40598,Rush,Kansas
20167,52806,Russell,Kansas
20169,50515,Saline,Kansas
20171,71394,Scott,Kansas
20173,54974,Sedgwick,Kansas
20175,47025,Seward,Kansas
20177,55199,Shawnee,Kansas
20179,56071,Sheridan,Kansas
20181,52847,Sherman,Kansas
20183,43438,Smith,Kansas
20185,48563,Stafford,Kansas
20187,46726,Stanton,Kansas
20189,56507,Stevens,Kansas
20191,54915,Sumner,Kansas
20193,57478,Thomas,Kansas
20195,56810,Trego,Kansas
20197,60450,Wabaunsee,Kansas
20199,58875,Wallace,Kansas
20201,48889,Washington,Kansas
20203,57566,Wichita,Kansas
20205,46208,Wilson,Kansas
20207,34621,Woodson,Kansas
20209,44873,Wyandotte,Kansas
21001,39346,Adair,Kentucky
21003,40893,Allen,Kentucky
21005,54160,Anderson,Kentucky
21007,44350,Ballard,Kentucky
21009,40216,Barren,Kentucky
21011,40837,Bath,Kentucky
21013,24628,Bell,Kentucky
21015,75043,Boone,Kentucky
21017,51462,Bourbon,Kentucky
21019,46165,Boyd,Kentucky
21021,43274,Boyle,Kentucky
21023,45827,Bracken,Kentucky
21025,26376,Breathitt,Kentucky
21027,48189,Breckinridge,Kentucky
21029,60534,Bullitt,Kentucky
21031,40061,Butler,Kentucky
21033,44940,Caldwell,Kentucky
21035,40219,Calloway,Kentucky
21037,59782,Campbell,Kentucky
21039,39664,Carlisle,Kentucky
21041,43258,Carroll,Kentucky
21043,33067,Carter,Kentucky
21045,34457,Casey,Kentucky
21047,41235,Christian,Kentucky
21049,52938,Clark,Kentucky
21051,26250,Clay,Kentucky
21053,31115,Clinton,Kentucky
21055,43169,Crittenden,Kentucky
21057,32906,Cumberland,Kentucky
21059,49836,Daviess,Kentucky
21061,41360,Edmonson,Kentucky
21063,33377,Elliott,Kentucky
21065,31337,Estill,Kentucky
21067,54918,Fayette,Kentucky
21069,42213,Fleming,Kentucky
21071,31267,Floyd,Kentucky
21073,55068,Franklin,Kentucky
21075,28559,Fulton,Kentucky
21077,50204,Gallatin,Kentucky
21079,49888,Garrard,Kentucky
21081,45610,Grant,Kentucky
21083,41615,Graves,Kentucky
21085,37906,Grayson,Kentucky
21087,37374,Green,Kentucky
21089,49343,Greenup,Kentucky
21091,52019,Hancock,Kentucky
21093,53168,Hardin,Kentucky
21095,26324,Harlan,Kentucky
21097,49696,Harrison,Kentucky
21099,37795,Hart,Kentucky
21101,45389,Henderson,Kentucky
21103,51447,Henry,Kentucky
21105,40463,Hickman,Kentucky
21107,45738,Hopkins,Kentucky
21109,32143,Jackson,Kentucky
21111,54357,Jefferson,Kentucky
21113,56728,Jessamine,Kentucky
21115,37559,Johnson,Kentucky
21117,61606,Kenton,Kentucky
21119,29326,Knott,Kentucky
21121,28790,Knox,Kentucky
21123,41779,Larue,Kentucky
21125,39230,Laurel,Kentucky
21127,31813,Lawrence,Kentucky
21129,23972,Lee,Kentucky
21131,30798,Leslie,Kentucky
21133,29856,Letcher,Kentucky
21135,31096,Lewis,Kentucky
21137,39833,Lincoln,Kentucky
21139,46076,Livingston,Kentucky
21141,43842,Logan,Kentucky
21143,50097,Lyon,Kentucky
21145,44486,McCracken,Kentucky
21147,23273,McCreary,Kentucky
21149,50445,McLean,Kentucky
21151,48687,Madison,Kentucky
21153,29516,Magoffin,Kentucky
21155,38544,Marion,Kentucky
21157,50731,Marshall,Kentucky
21159,35125,Martin,Kentucky
21161,41415,Mason,Kentucky
21163,57963,Meade,Kentucky
21165,39905,Menifee,Kentucky
21167,50475,Mercer,Kentucky
21169,35809,Metcalfe,Kentucky
21171,34167,Monroe,Kentucky
21173,41974,Montgomery,Kentucky
21175,34419,Morgan,Kentucky
21177,43110,Muhlenberg,Kentucky
21179,57469,Nelson,Kentucky
21181,41354,Nicholas,Kentucky
21183,42826,Ohio,Kentucky
21185,97597,Oldham,Kentucky
21187,45338,Owen,Kentucky
21189,25530,Owsley,Kentucky
21191,52620,Pendleton,Kentucky
21193,31046,Perry,Kentucky
21195,34081,Pike,Kentucky
21197,36958,Powell,Kentucky
21199,37921,Pulaski,Kentucky
21201,38864,Robertson,Kentucky
21203,36468,Rockcastle,Kentucky
21205,37639,Rowan,Kentucky
21207,36159,Russell,Kentucky
21209,66966,Scott,Kentucky
21211,64240,Shelby,Kentucky
21213,48311,Simpson,Kentucky
21215,77738,Spencer,Kentucky
21217,39055,Taylor,Kentucky
21219,41865,Todd,Kentucky
21221,52279,Trigg,Kentucky
21223,47470,Trimble,Kentucky
21225,42844,Union,Kentucky
21227,52007,Warren,Kentucky
21229,50794,Washington,Kentucky
21231,34039,Wayne,Kentucky
21233,40947,Webster,Kentucky
21235,36897,Whitley,Kentucky
21237,22458,Wolfe,Kentucky
21239,62629,Woodford,Kentucky
22001,41177,Acadia,Louisiana
22003,41009,Allen,Louisiana
22005,76589,Ascension,Louisiana
22007,44744,Assumption,Louisiana
22009,38077,Avoyelles,Louisiana
22011,50738,Beauregard,Louisiana
22013,30300,Bienville,Louisiana
22015,53806,Bossier,Louisiana
22017,40866,Caddo,Louisiana
22019,49452,Calcasieu,Louisiana
22021,32174,Caldwell,Louisiana
22023,55000,Cameron,Louisiana
22025,38854,Catahoula,Louisiana
22027,27303,Claiborne,Louisiana
22029,31813,Concordia,Louisiana
22031,44230,De Soto,Louisiana
22033,52719,East Baton Rouge,Louisiana
22035,21161,East Carroll,Louisiana
22037,48129,East Feliciana,Louisiana
22039,32180,Evangeline,Louisiana
22041,35466,Franklin,Louisiana
22043,40792,Grant,Louisiana
22045,45274,Iberia,Louisiana
22047,47797,Iberville,Louisiana
22049,38523,Jackson,Louisiana
22051,52558,Jefferson,Louisiana
22053,39653,Jefferson Davis,Louisiana
22055,54726,Lafayette,Louisiana
22057,53089,Lafourche,Louisiana
22059,36868,LaSalle,Louisiana
22061,34154,Lincoln,Louisiana
22063,63159,Livingston,Louisiana
22065,27810,Madison,Louisiana
22067,33333,Morehouse,Louisiana
22069,27795,Natchitoches,Louisiana
22071,39576,Orleans,Louisiana
22073,41314,Ouachita,Louisiana
22075,52386,Plaquemines,Louisiana
22077,44269,Pointe Coupee,Louisiana
22079,44852,Rapides,Louisiana
22081,33446,Red River,Louisiana
22083,34422,Richland,Louisiana
22085,39465,Sabine,Louisiana
22087,46011,St. Bernard,Louisiana
22089,66620,St. Charles,Louisiana
22091,39895,St. Helena,Louisiana
22093,50661,St. James,Louisiana
22095,54821,St. John the Baptist,Louisiana
22097,33288,St. Landry,Louisiana
22099,47974,St. Martin,Louisiana
22101,40485,St. Mary,Louisiana
22103,67706,St. Tammany,Louisiana
22105,46297,Tangipahoa,Louisiana
22107,23870,Tensas,Louisiana
22109,48866,Terrebonne,Louisiana
22111,43083,Union,Louisiana
22113,50690,Vermilion,Louisiana
22115,47772,Vernon,Louisiana
22117,34985,Washington,Louisiana
22119,30358,Webster,Louisiana
22121,60908,West Baton Rouge,Louisiana
22123,36528,West Carroll,Louisiana
22125,55510,West Feliciana,Louisiana
22127,35398,Winn,Louisiana
23001,51412,Androscoggin,Maine
23003,39824,Aroostook,Maine
23005,69708,Cumberland,Maine
23007,48053,Franklin,Maine
23009,53068,Hancock,Maine
23011,52929,Kennebec,Maine
23013,55402,Knox,Maine
23015,55180,Lincoln,Maine
23017,47275,Oxford,Maine
23019,49374,Penobscot,Maine
23021,39470,Piscataquis,Maine
23023,62131,Sagadahoc,Maine
23025,42491,Somerset,Maine
23027,51564,Waldo,Maine
23029,41384,Washington,Maine
23031,65538,York,Maine
24001,44065,Allegany,Maryland
24003,97810,Anne Arundel,Maryland
24005,74127,Baltimore,Maryland
24009,104301,Calvert,Maryland
24011,54956,Caroline,Maryland
24013,93363,Carroll,Maryland
24015,72845,Cecil,Maryland
24017,95924,Charles,Maryland
24019,52145,Dorchester,Maryland
24021,91999,Frederick,Maryland
24023,49619,Garrett,Maryland
24025,85942,Harford,Maryland
24027,117730,Howard,Maryland
24029,56009,Kent,Maryland
24031,106287,Montgomery,Maryland
24033,81969,Prince George's,Maryland
24035,92167,Queen Anne's,Maryland
24037,90438,St. Mary's,Maryland
24039,42165,Somerset,Maryland
24041,67204,Talbot,Maryland
24043,59719,Washington,Maryland
24045,56608,Wicomico,Maryland
24047,61145,Worcester,Maryland
24510,48840,Baltimore city,Maryland
25001,70621,Barnstable,Massachusetts
25003,56674,Berkshire,Massachusetts
25005,66157,Bristol,Massachusetts
25007,71224,Dukes,Massachusetts
25009,75878,Essex,Massachusetts
25011,59522,Franklin,Massachusetts
25013,53403,Hampden,Massachusetts
25015,67044,Hampshire,Massachusetts
25017,97012,Middlesex,Massachusetts
25019,105171,Nantucket,Massachusetts
25021,99511,Norfolk,Massachusetts
25023,85654,Plymouth,Massachusetts
25025,64582,Suffolk,Massachusetts
25027,71895,Worcester,Massachusetts
26001,39735,Alcona,Michigan
26003,46007,Alger,Michigan
26005,59883,Allegan,Michigan
26007,41991,Alpena,Michigan
26009,52589,Antrim,Michigan
26011,40769,Arenac,Michigan
26013,42444,Baraga,Michigan
26015,61016,Barry,Michigan
26017,48005,Bay,Michigan
26019,56639,Benzie,Michigan
26021,49135,Berrien,Michigan
26023,50536,Branch,Michigan
26025,47426,Calhoun,Michigan
26027,53571,Cass,Michigan
26029,53207,Charlevoix,Michigan
26031,46161,Cheboygan,Michigan
26033,44483,Chippewa,Michigan
26035,37369,Clare,Michigan
26037,67482,Clinton,Michigan
26039,47443,Crawford,Michigan
26041,46490,Delta,Michigan
26043,48966,Dickinson,Michigan
26045,62474,Eaton,Michigan
26047,54055,Emmet,Michigan
26049,47006,Genesee,Michigan
26051,43290,Gladwin,Michigan
26053,38798,Gogebic,Michigan
26055,61485,Grand Traverse,Michigan
26057,44991,Gratiot,Michigan
26059,48392,Hillsdale,Michigan
26061,42852,Houghton,Michigan
26063,46320,Huron,Michigan
26065,50940,Ingham,Michigan
26067,54343,Ionia,Michigan
26069,42102,Iosco,Michigan
26071,38918,Iron,Michigan
26073,44408,Isabella,Michigan
26075,51431,Jackson,Michigan
26077,54431,Kalamazoo,Michigan
26079,46004,Kalkaska,Michigan
26081,60351,Kent,Michigan
26083,49779,Keweenaw,Michigan
26085,34631,Lake,Michigan
26087,58952,Lapeer,Michigan
26089,63831,Leelanau,Michigan
26091,53972,Lenawee,Michigan
26093,80897,Livingston,Michigan
26095,42255,Luce,Michigan
26097,46507,Mackinac,Michigan
26099,60466,Macomb,Michigan
26101,47172,Manistee,Michigan
26103,50771,Marquette,Michigan
26105,49663,Mason,Michigan
26107,44460,Mecosta,Michigan
26109,45508,Menominee,Michigan
26111,59271,Midland,Michigan
26113,44766,Missaukee,Michigan
26115,61514,Monroe,Michigan
26117,47000,Montcalm,Michigan
26119,42305,Montmorency,Michigan
26121,48329,Muskegon,Michigan
26123,46724,Newaygo,Michigan
26125,76387,Oakland,Michigan
26127,46217,Oceana,Michigan
26129,40150,Ogemaw,Michigan
26131,38906,Ontonagon,Michigan
26133,42689,Osceola,Michigan
26135,40255,Oscoda,Michigan
26137,52645,Otsego,Michigan
26139,67468,Ottawa,Michigan
26141,46439,Presque Isle,Michigan
26143,40302,Roscommon,Michigan
26145,46919,Saginaw,Michigan
26147,55240,St. Clair,Michigan
26149,50117,St. Joseph,Michigan
26151,45277,Sanilac,Michigan
26153,40747,Schoolcraft,Michigan
26155,54742,Shiawassee,Michigan
26157,47694,Tuscola,Michigan
26159,52351,Van Buren,Michigan
26161,69434,Washtenaw,Michigan
26163,45321,Wayne,Michigan
26165,44166,Wexford,Michigan
27001,45989,Aitkin,Minnesota
27003,79923,Anoka,Minnesota
27005,59278,Becker,Minnesota
27007,47410,Beltrami,Minnesota
27009,56357,Benton,Minnesota
27011,51920,Big Stone,Minnesota
27013,55861,Blue Earth,Minnesota
27015,57728,Brown,Minnesota
27017,60390,Carlton,Minnesota
27019,97895,Carver,Minnesota
27021,50173,Cass,Minnesota
27023,54552,Chippewa,Minnesota
27025,80409,Chisago,Minnesota
27027,65000,Clay,Minnesota
27029,46291,Clearwater,Minnesota
27031,52271,Cook,Minnesota
27033,53354,Cottonwood,Minnesota
27035,54508,Crow Wing,Minnesota
27037,83288,Dakota,Minnesota
27039,71669,Dodge,Minnesota
27041,60676,Douglas,Minnesota
27043,52286,Faribault,Minnesota
27045,59451,Fillmore,Minnesota
27047,52447,Freeborn,Minnesota
27049,64765,Goodhue,Minnesota
27051,55912,Grant,Minnesota
27053,74113,Hennepin,Minnesota
27055,58729,Houston,Minnesota
27057,55472,Hubbard,Minnesota
27059,72473,Isanti,Minnesota
27061,53022,Itasca,Minnesota
27063,57010,Jackson,Minnesota
27065,53300,Kanabec,Minnesota
27067,59089,Kandiyohi,Minnesota
27069,57112,Kittson,Minnesota
27071,47129,Koochiching,Minnesota
27073,52199,Lac qui Parle,Minnesota
27075,59516,Lake,Minnesota
27077,49068,Lake of the Woods,Minnesota
27079,67451,Le Sueur,Minnesota
27081,52301,Lincoln,Minnesota
27083,55525,Lyon,Minnesota
27085,61275,McLeod,Minnesota
27087,44537,Mahnomen,Minnesota
27089,58723,Marshall,Minnesota
27091,53915,Martin,Minnesota
27093,61856,Meeker,Minnesota
27095,53888,Mille Lacs,Minnesota
27097,54962,Morrison,Minnesota
27099,53665,Mower,Minnesota
27101,57500,Murray,Minnesota
27103,65027,Nicollet,Minnesota
27105,54149,Nobles,Minnesota
27107,55206,Norman,Minnesota
27109,74880,Olmsted,Minnesota
27111,57131,Otter Tail,Minnesota
27113,59036,Pennington,Minnesota
27115,49138,Pine,Minnesota
27117,52309,Pipestone,Minnesota
27119,57151,Polk,Minnesota
27121,58132,Pope,Minnesota
27123,62304,Ramsey,Minnesota
27125,56588,Red Lake,Minnesota
27127,53230,Redwood,Minnesota
27129,57886,Renville,Minnesota
27131,65758,Rice,Minnesota
27133,59890,Rock,Minnesota
27135,59644,Roseau,Minnesota
27137,53344,St. Louis,Minnesota
27139,97744,Scott,Minnesota
27141,85818,Sherburne,Minnesota
27143,62761,Sibley,Minnesota
27145,60606,Stearns,Minnesota
27147,62731,Steele,Minnesota
27149,58363,Stevens,Minnesota
27151,48577,Swift,Minnesota
27153,52872,Todd,Minnesota
27155,48784,Traverse,Minnesota
27157,65138,Wabasha,Minnesota
27159,45860,Wadena,Minnesota
27161,55612,Waseca,Minnesota
27163,92376,Washington,Minnesota
27165,51097,Watonwan,Minnesota
27167,54935,Wilkin,Minnesota
27169,55529,Winona,Minnesota
27171,81881,Wright,Minnesota
27173,56943,Yellow Medicine,Minnesota
28001,29203,Adams,Mississippi
28003,40180,Alcorn,Mississippi
28005,31854,Amite,Mississippi
28007,34756,Attala,Mississippi
28009,35974,Benton,Mississippi
28011,29912,Bolivar,Mississippi
28013,36440,Calhoun,Mississippi
28015,43060,Carroll,Mississippi
28017,35939,Chickasaw,Mississippi
28019,37203,Choctaw,Mississippi
28021,26732,Claiborne,Mississippi
28023,39246,Clarke,Mississippi
28025,35121,Clay,Mississippi
28027,30009,Coahoma,Mississippi
28029,40361,Copiah,Mississippi
28031,35931,Covington,Mississippi
28033,65169,DeSoto,Mississippi
28035,40675,Forrest,Mississippi
28037,40810,Franklin,Mississippi
28039,48319,George,Mississippi
28041,49447,Greene,Mississippi
28043,36877,Grenada,Mississippi
28045,47543,Hancock,Mississippi
28047,45566,Harrison,Mississippi
28049,43005,Hinds,Mississippi
28051,21093,Holmes,Mississippi
28053,28507,Humphreys,Mississippi
28055,25776,Issaquena,Mississippi
28057,40510,Itawamba,Mississippi
28059,51142,Jackson,Mississippi
28061,35931,Jasper,Mississippi
28063,20188,Jefferson,Mississippi
28065,30083,Jefferson Davis,Mississippi
28067,41263,Jones,Mississippi
28069,28176,Kemper,Mississippi
28071,47132,Lafayette,Mississippi
28073,58188,Lamar,Mississippi
28075,41704,Lauderdale,Mississippi
28077,42290,Lawrence,Mississippi
28079,33482,Leake,Mississippi
28081,47978,Lee,Mississippi
28083,26052,Leflore,Mississippi
28085,40355,Lincoln,Mississippi
28087,45355,Lowndes,Mississippi
28089,71690,Madison,Mississippi
28091,31446,Marion,Mississippi
28093,41572,Marshall,Mississippi
28095,40940,Monroe,Mississippi
28097,33667,Montgomery,Mississippi
28099,36875,Neshoba,Mississippi
28101,33831,Newton,Mississippi
28103,36000,Noxubee,Mississippi
28105,38800,Oktibbeha,Mississippi
28107,36563,Panola,Mississippi
28109,45820,Pearl River,Mississippi
28111,39007,Perry,Mississippi
28113,30910,Pike,Mississippi
28115,41379,Pontotoc,Mississippi
28117,37519,Prentiss,Mississippi
28119,25510,Quitman,Mississippi
28121,64557,Rankin,Mississippi
28123,33735,Scott,Mississippi
28125,28799,Sharkey,Mississippi
28127,37946,Simpson,Mississippi
28129,41657,Smith,Mississippi
28131,44883,Stone,Mississippi
28133,30029,Sunflower,Mississippi
28135,30028,Tallahatchie,Mississippi
28137,51056,Tate,Mississippi
28139,39839,Tippah,Mississippi
28141,37312,Tishomingo,Mississippi
28143,37822,Tunica,Mississippi
28145,41287,Union,Mississippi
28147,29804,Walthall,Mississippi
28149,43039,Warren,Mississippi
28151,30834,Washington,Mississippi
28153,37970,Wayne,Mississippi
28155,40683,Webster,Mississippi
28157,26599,Wilkinson,Mississippi
28159,36214,Winston,Mississippi
28161,41864,Yalobusha,Mississippi
28163,31402,Yazoo,Mississippi
29001,40046,Adair,Missouri
29003,55683,Andrew,Missouri
29005,48385,Atchison,Missouri
29007,43761,Audrain,Missouri
29009,41463,Barry,Missouri
29011,41625,Barton,Missouri
29013,46186,Bates,Missouri
29015,38028,Benton,Missouri
29017,42985,Bollinger,Missouri
29019,54043,Boone,Missouri
29021,50457,Buchanan,Missouri
29023,39058,Butler,Missouri
29025,48033,Caldwell,Missouri
29027,55376,Callaway,Missouri
29029,52087,Camden,Missouri
29031,51730,Cape Girardeau,Missouri
29033,42149,Carroll,Missouri
29035,39415,Carter,Missouri
29037,67659,Cass,Missouri
29039,39412,Cedar,Missouri
29041,46992,Chariton,Missouri
29043,57019,Christian,Missouri
29045,47955,Clark,Missouri
29047,68367,Clay,Missouri
29049,58510,Clinton,Missouri
29051,57587,Cole,Missouri
29053,48750,Cooper,Missouri
29055,38036,Crawford,Missouri
29057,39979,Dade,Missouri
29059,41551,Dallas,Missouri
29061,50380,Daviess,Missouri
29063,50000,DeKalb,Missouri
29065,39916,Dent,Missouri
29067,34372,Douglas,Missouri
29069,34186,Dunklin,Missouri
29071,55312,Franklin,Missouri
29073,53439,Gasconade,Missouri
29075,42689,Gentry,Missouri
29077,44808,Greene,Missouri
29079,42574,Grundy,Missouri
29081,40168,Harrison,Missouri
29083,43911,Henry,Missouri
29085,36190,Hickory,Missouri
29087,45610,Holt,Missouri
29089,50372,Howard,Missouri
29091,36143,Howell,Missouri
29093,37188,Iron,Missouri
29095,52805,Jackson,Missouri
29097,46929,Jasper,Missouri
29099,63030,Jefferson,Missouri
29101,53056,Johnson,Missouri
29103,40383,Knox,Missouri
29105,46192,Laclede,Missouri
29107,54661,Lafayette,Missouri
29109,43373,Lawrence,Missouri
29111,47764,Lewis,Missouri
29113,61628,Lincoln,Missouri
29115,43642,Linn,Missouri
29117,47885,Livingston,Missouri
29119,42019,McDonald,Missouri
29121,40007,Macon,Missouri
29123,41322,Madison,Missouri
29125,44436,Maries,Missouri
29127,46762,Marion,Missouri
29129,44085,Mercer,Missouri
29131,42718,Miller,Missouri
29133,32846,Mississippi,Missouri
29135,54828,Moniteau,Missouri
29137,43973,Monroe,Missouri
29139,45862,Montgomery,Missouri
29141,37727,Morgan,Missouri
29143,35399,New Madrid,Missouri
29145,49023,Newton,Missouri
29147,43349,Nodaway,Missouri
29149,32534,Oregon,Missouri
29151,58476,Osage,Missouri
29153,32601,Ozark,Missouri
29155,33390,Pemiscot,Missouri
29157,54964,Perry,Missouri
29159,44382,Pettis,Missouri
29161,42846,Phelps,Missouri
29163,45753,Pike,Missouri
29165,76912,Platte,Missouri
29167,44892,Polk,Missouri
29169,51665,Pulaski,Missouri
29171,37367,Putnam,Missouri
29173,55546,Ralls,Missouri
29175,46610,Randolph,Missouri
29177,59857,Ray,Missouri
29179,40929,Reynolds,Missouri
29181,33343,Ripley,Missouri
29183,81411,St. Charles,Missouri
29185,38470,St. Clair,Missouri
29186,56234,Ste. Genevieve,Missouri
29187,45774,St. Francois,Missouri
29189,65300,St. Louis,Missouri
29195,43201,Saline,Missouri
29197,39697,Schuyler,Missouri
29199,42965,Scotland,Missouri
29201,42231,Scott,Missouri
29203,32180,Shannon,Missouri
29205,44051,Shelby,Missouri
29207,40567,Stoddard,Missouri
29209,46443,Stone,Missouri
29211,42604,Sullivan,Missouri
29213,41487,Taney,Missouri
29215,35277,Texas,Missouri
29217,43379,Vernon,Missouri
29219,57948,Warren,Missouri
29221,39621,Washington,Missouri
29223,34391,Wayne,Missouri
29225,47421,Webster,Missouri
29227,52500,Worth,Missouri
29229,32752,Wright,Missouri
29510,41107,St. Louis city,Missouri
30001,44809,Beaverhead,Montana
30003,46365,Big Horn,Montana
30005,38083,Blaine,Montana
30007,56469,Broadwater,Montana
30009,57538,Carbon,Montana
30011,44196,Carter,Montana
30013,48160,Cascade,Montana
30015,40942,Chouteau,Montana
30017,55841,Custer,Montana
30019,54750,Daniels,Montana
30021,59820,Dawson,Montana
30023,41783,Deer Lodge,Montana
30025,60750,Fallon,Montana
30027,50327,Fergus,Montana
30029,52966,Flathead,Montana
30031,61499,Gallatin,Montana
30033,45893,Garfield,Montana
30035,31029,Glacier,Montana
30037,39952,Golden Valley,Montana
30039,48958,Granite,Montana
30041,47141,Hill,Montana
30043,66867,Jefferson,Montana
30045,45764,Judith Basin,Montana
30047,45488,Lake,Montana
30049,62130,Lewis and Clark,Montana
30051,47419,Liberty,Montana
30053,38287,Lincoln,Montana
30055,47500,McCone,Montana
30057,50247,Madison,Montana
30059,43109,Meagher,Montana
30061,41905,Mineral,Montana
30063,51270,Missoula,Montana
30065,41612,Musselshell,Montana
30067,49194,Park,Montana
30069,44688,Petroleum,Montana
30071,46222,Phillips,Montana
30073,45458,Pondera,Montana
30075,52457,Powder River,Montana
30077,49652,Powell,Montana
30079,47250,Prairie,Montana
30081,48930,Ravalli,Montana
30083,67272,Richland,Montana
30085,42904,Roosevelt,Montana
30087,56549,Rosebud,Montana
30089,36984,Sanders,Montana
30091,54321,Sheridan,Montana
30093,42237,Silver Bow,Montana
30095,63785,Stillwater,Montana
30097,49514,Sweet Grass,Montana
30099,51862,Teton,Montana
30101,46823,Toole,Montana
30103,42292,Treasure,Montana
30105,55882,Valley,Montana
30107,41186,Wheatland,Montana
30109,50202,Wibaux,Montana
30111,59117,Yellowstone,Montana
31001,51536,Adams,Nebraska
31003,48716,Antelope,Nebraska
31005,43854,Arthur,Nebraska
31007,59625,Banner,Nebraska
31009,50870,Blaine,Nebraska
31011,54063,Boone,Nebraska
31013,56412,Box Butte,Nebraska
31015,50729,Boyd,Nebraska
31017,41550,Brown,Nebraska
31019,56952,Buffalo,Nebraska
31021,51482,Burt,Nebraska
31023,55562,Butler,Nebraska
31025,71139,Cass,Nebraska
31027,58978,Cedar,Nebraska
31029,55833,Chase,Nebraska
31031,53684,Cherry,Nebraska
31033,56538,Cheyenne,Nebraska
31035,56316,Clay,Nebraska
31037,56528,Colfax,Nebraska
31039,55190,Cuming,Nebraska
31041,49891,Custer,Nebraska
31043,55017,Dakota,Nebraska
31045,51748,Dawes,Nebraska
31047,53769,Dawson,Nebraska
31049,48500,Deuel,Nebraska
31051,56775,Dixon,Nebraska
31053,53101,Dodge,Nebraska
31055,61688,Douglas,Nebraska
31057,44350,Dundy,Nebraska
31059,55625,Fillmore,Nebraska
31061,49235,Franklin,Nebraska
31063,51855,Frontier,Nebraska
31065,47989,Furnas,Nebraska
31067,51662,Gage,Nebraska
31069,44471,Garden,Nebraska
31071,48545,Garfield,Nebraska
31073,62545,Gosper,Nebraska
31075,39479,Grant,Nebraska
31077,47128,Greeley,Nebraska
31079,54742,Hall,Nebraska
31081,64042,Hamilton,Nebraska
31083,50344,Harlan,Nebraska
31085,45515,Hayes,Nebraska
31087,42902,Hitchcock,Nebraska
31089,57468,Holt,Nebraska
31091,39115,Hooker,Nebraska
31093,54399,Howard,Nebraska
31095,43295,Jefferson,Nebraska
31097,52794,Johnson,Nebraska
31099,56952,Kearney,Nebraska
31101,48901,Keith,Nebraska
31103,49688,Keya Paha,Nebraska
31105,43856,Kimball,Nebraska
31107,49752,Knox,Nebraska
31109,58009,Lancaster,Nebraska
31111,56794,Lincoln,Nebraska
31113,51607,Logan,Nebraska
31115,53125,Loup,Nebraska
31117,48882,McPherson,Nebraska
31119,52857,Madison,Nebraska
31121,54197,Merrick,Nebraska
31123,45121,Morrill,Nebraska
31125,45833,Nance,Nebraska
31127,51922,Nemaha,Nebraska
31129,42049,Nuckolls,Nebraska
31131,54828,Otoe,Nebraska
31133,46314,Pawnee,Nebraska
31135,62469,Perkins,Nebraska
31137,57241,Phelps,Nebraska
31139,56620,Pierce,Nebraska
31141,62617,Platte,Nebraska
31143,61962,Polk,Nebraska
31145,46859,Red Willow,Nebraska
31147,48096,Richardson,Nebraska
31149,52604,Rock,Nebraska
31151,51143,Saline,Nebraska
31153,79549,Sarpy,Nebraska
31155,66718,Saunders,Nebraska
31157,50157,Scotts Bluff,Nebraska
31159,67591,Seward,Nebraska
31161,41719,Sheridan,Nebraska
31163,51172,Sherman,Nebraska
31165,46875,Sioux,Nebraska
31167,62687,Stanton,Nebraska
31169,50734,Thayer,Nebraska
31171,50682,Thomas,Nebraska
31173,48149,Thurston,Nebraska
31175,55170,Valley,Nebraska
31177,70753,Washington,Nebraska
31179,62623,Wayne,Nebraska
31181,42298,Webster,Nebraska
31183,52083,Wheeler,Nebraska
31185,59779,York,Nebraska
32001,51514,Churchill,Nevada
32003,56802,Clark,Nevada
32005,62503,Douglas,Nevada
32007,77209,Elko,Nevada
32009,40000,Esmeralda,Nevada
32011,77625,Eureka,Nevada
32013,70373,Humboldt,Nevada
32015,93583,Lander,Nevada
32017,56414,Lincoln,Nevada
32019,55493,Lyon,Nevada
32021,41163,Mineral,Nevada
32023,45711,Nye,Nevada
32027,50846,Pershing,Nevada
32029,62284,Storey,Nevada
32031,61155,Washoe,Nevada
32033,62993,White Pine,Nevada
32510,52034,Carson City,Nevada
33001,68368,Belknap,New Hampshire
33003,61116,Carroll,New Hampshire
33005,63057,Cheshire,New Hampshire
33007,45696,Coos,New Hampshire
33009,63153,Grafton,New Hampshire
33011,78655,Hillsborough,New Hampshire
33013,72478,Merrimack,New Hampshire
33015,90429,Rockingham,New Hampshire
33017,70650,Strafford,New Hampshire
33019,60780,Sullivan,New Hampshire
34001,59989,Atlantic,New Jersey
34003,95837,Bergen,New Jersey
34005,84992,Burlington,New Jersey
34007,67118,Camden,New Jersey
34009,63690,Cape May,New Jersey
34011,52593,Cumberland,New Jersey
34013,59302,Essex,New Jersey
34015,85160,Gloucester,New Jersey
34017,66289,Hudson,New Jersey
34019,112535,Hunterdon,New Jersey
34021,79990,Mercer,New Jersey
34023,85954,Middlesex,New Jersey
34025,95699,Monmouth,New Jersey
34027,111316,Morris,New Jersey
34029,68021,Ocean,New Jersey
34031,66476,Passaic,New Jersey
34033,64309,Salem,New Jersey
34035,111772,Somerset,New Jersey
34037,90520,Sussex,New Jersey
34039,77095,Union,New Jersey
34041,78145,Warren,New Jersey
35001,51643,Bernalillo,New Mexico
35003,42480,Catron,New Mexico
35005,43197,Chaves,New Mexico
35006,37368,Cibola,New Mexico
35007,33783,Colfax,New Mexico
35009,46182,Curry,New Mexico
35011,31028,De Baca,New Mexico
35013,39164,Doa Ana,New Mexico
35015,62982,Eddy,New Mexico
35017,37880,Grant,New Mexico
35019,24085,Guadalupe,New Mexico
35021,30875,Harding,New Mexico
35023,36339,Hidalgo,New Mexico
35025,59797,Lea,New Mexico
35027,42267,Lincoln,New Mexico
35028,115248,Los Alamos,New Mexico
35029,27377,Luna,New Mexico
35031,31674,McKinley,New Mexico
35033,26968,Mora,New Mexico
35035,42752,Otero,New Mexico
35037,27075,Quay,New Mexico
35039,33422,Rio Arriba,New Mexico
35041,40775,Roosevelt,New Mexico
35043,59420,Sandoval,New Mexico
35045,50582,San Juan,New Mexico
35047,31660,San Miguel,New Mexico
35049,59192,Santa Fe,New Mexico
35051,30451,Sierra,New Mexico
35053,36146,Socorro,New Mexico
35055,36758,Taos,New Mexico
35057,37218,Torrance,New Mexico
35059,37936,Union,New Mexico
35061,45084,Valencia,New Mexico
36001,64535,Albany,New York
36003,47033,Allegany,New York
36005,38085,Bronx,New York
36007,50859,Broome,New York
36009,47240,Cattaraugus,New York
36011,56579,Cayuga,New York
36013,45332,Chautauqua,New York
36015,53299,Chemung,New York
36017,50595,Chenango,New York
36019,55178,Clinton,New York
36021,63032,Columbia,New York
36023,54489,Cortland,New York
36025,48827,Delaware,New York
36027,78028,Dutchess,New York
36029,55673,Erie,New York
36031,56196,Essex,New York
36033,51696,Franklin,New York
36035,50248,Fulton,New York
36037,59338,Genesee,New York
36039,53617,Greene,New York
36041,57552,Hamilton,New York
36043,51862,Herkimer,New York
36045,52268,Jefferson,New York
36047,56015,Kings,New York
36049,52380,Lewis,New York
36051,56071,Livingston,New York
36053,60228,Madison,New York
36055,57479,Monroe,New York
36057,45837,Montgomery,New York
36059,111240,Nassau,New York
36061,82459,New York,New York
36063,54085,Niagara,New York
36065,53844,Oneida,New York
36067,59225,Onondaga,New York
36069,63359,Ontario,New York
36071,76716,Orange,New York
36073,51843,Orleans,New York
36075,53597,Oswego,New York
36077,53121,Otsego,New York
36079,102186,Putnam,New York
36081,64987,Queens,New York
36083,65851,Rensselaer,New York
36085,79267,Richmond,New York
36087,91108,Rockland,New York
36089,49305,St. Lawrence,New York
36091,80839,Saratoga,New York
36093,63785,Schenectady,New York
36095,53989,Schoharie,New York
36097,51479,Schuyler,New York
36099,54695,Seneca,New York
36101,51789,Steuben,New York
36103,96675,Suffolk,New York
36105,56256,Sullivan,New York
36107,60736,Tioga,New York
36109,58743,Tompkins,New York
36111,63348,Ulster,New York
36113,59813,Warren,New York
36115,54114,Washington,New York
36117,55765,Wayne,New York
36119,92758,Westchester,New York
36121,57914,Wyoming,New York
36123,54343,Yates,New York
37001,45735,Alamance,North Carolina
37003,44961,Alexander,North Carolina
37005,37558,Alleghany,North Carolina
37007,39126,Anson,North Carolina
37009,40978,Ashe,North Carolina
37011,38134,Avery,North Carolina
37013,43688,Beaufort,North Carolina
37015,33143,Bertie,North Carolina
37017,32378,Bladen,North Carolina
37019,54406,Brunswick,North Carolina
37021,50668,Buncombe,North Carolina
37023,42516,Burke,North Carolina
37025,64174,Cabarrus,North Carolina
37027,42072,Caldwell,North Carolina
37029,63349,Camden,North Carolina
37031,54428,Carteret,North Carolina
37033,43961,Caswell,North Carolina
37035,51157,Catawba,North Carolina
37037,63531,Chatham,North Carolina
37039,40294,Cherokee,North Carolina
37041,42621,Chowan,North Carolina
37043,38801,Clay,North Carolina
37045,40393,Cleveland,North Carolina
37047,36398,Columbus,North Carolina
37049,50870,Craven,North Carolina
37051,45716,Cumberland,North Carolina
37053,66284,Currituck,North Carolina
37055,58012,Dare,North Carolina
37057,47271,Davidson,North Carolina
37059,57611,Davie,North Carolina
37061,38850,Duplin,North Carolina
37063,58190,Durham,North Carolina
37065,35516,Edgecombe,North Carolina
37067,50128,Forsyth,North Carolina
37069,53175,Franklin,North Carolina
37071,49384,Gaston,North Carolina
37073,52205,Gates,North Carolina
37075,36525,Graham,North Carolina
37077,55628,Granville,North Carolina
37079,38306,Greene,North Carolina
37081,51072,Guilford,North Carolina
37083,34251,Halifax,North Carolina
37085,51630,Harnett,North Carolina
37087,49800,Haywood,North Carolina
37089,52815,Henderson,North Carolina
37091,37005,Hertford,North Carolina
37093,47535,Hoke,North Carolina
37095,45466,Hyde,North Carolina
37097,58198,Iredell,North Carolina
37099,44028,Jackson,North Carolina
37101,56842,Johnston,North Carolina
37103,36892,Jones,North Carolina
37105,48873,Lee,North Carolina
37107,38387,Lenoir,North Carolina
37109,53318,Lincoln,North Carolina
37111,40913,McDowell,North Carolina
37113,43597,Macon,North Carolina
37115,42410,Madison,North Carolina
37117,39205,Martin,North Carolina
37119,64312,Mecklenburg,North Carolina
37121,44186,Mitchell,North Carolina
37123,42346,Montgomery,North Carolina
37125,57899,Moore,North Carolina
37127,48362,Nash,North Carolina
37129,52716,New Hanover,North Carolina
37131,35499,Northampton,North Carolina
37133,49491,Onslow,North Carolina
37135,68211,Orange,North Carolina
37137,44947,Pamlico,North Carolina
37139,48279,Pasquotank,North Carolina
37141,52989,Pender,North Carolina
37143,45915,Perquimans,North Carolina
37145,48811,Person,North Carolina
37147,44315,Pitt,North Carolina
37149,48834,Polk,North Carolina
37151,45006,Randolph,North Carolina
37153,36091,Richmond,North Carolina
37155,33679,Robeson,North Carolina
37157,42490,Rockingham,North Carolina
37159,48667,Rowan,North Carolina
37161,40347,Rutherford,North Carolina
37163,39068,Sampson,North Carolina
37165,35617,Scotland,North Carolina
37167,49590,Stanly,North Carolina
37169,46169,Stokes,North Carolina
37171,41068,Surry,North Carolina
37173,36773,Swain,North Carolina
37175,46629,Transylvania,North Carolina
37177,35472,Tyrrell,North Carolina
37179,75397,Union,North Carolina
37181,37282,Vance,North Carolina
37183,76956,Wake,North Carolina
37185,35962,Warren,North Carolina
37187,35512,Washington,North Carolina
37189,45268,Watauga,North Carolina
37191,42192,Wayne,North Carolina
37193,40829,Wilkes,North Carolina
37195,42850,Wilson,North Carolina
37197,42876,Yadkin,North Carolina
37199,39888,Yancey,North Carolina
38001,54875,Adams,North Dakota
38003,57064,Barnes,North Dakota
38005,44313,Benson,North Dakota
38007,92604,Billings,North Dakota
38009,59882,Bottineau,North Dakota
38011,65063,Bowman,North Dakota
38013,74931,Burke,North Dakota
38015,69719,Burleigh,North Dakota
38017,62031,Cass,North Dakota
38019,67591,Cavalier,North Dakota
38021,60918,Dickey,North Dakota
38023,60074,Divide,North Dakota
38025,70500,Dunn,North Dakota
38027,51563,Eddy,North Dakota
38029,51029,Emmons,North Dakota
38031,60613,Foster,North Dakota
38033,56087,Golden Valley,North Dakota
38035,51951,Grand Forks,North Dakota
38037,50962,Grant,North Dakota
38039,52794,Griggs,North Dakota
38041,56761,Hettinger,North Dakota
38043,57734,Kidder,North Dakota
38045,59426,LaMoure,North Dakota
38047,58144,Logan,North Dakota
38049,62637,McHenry,North Dakota
38051,50739,McIntosh,North Dakota
38053,80732,McKenzie,North Dakota
38055,65648,McLean,North Dakota
38057,79890,Mercer,North Dakota
38059,67584,Morton,North Dakota
38061,70678,Mountrail,North Dakota
38063,48798,Nelson,North Dakota
38065,68333,Oliver,North Dakota
38067,64962,Pembina,North Dakota
38069,48802,Pierce,North Dakota
38071,57313,Ramsey,North Dakota
38073,61810,Ransom,North Dakota
38075,68182,Renville,North Dakota
38077,61990,Richland,North Dakota
38079,39884,Rolette,North Dakota
38081,67200,Sargent,North Dakota
38083,49261,Sheridan,North Dakota
38085,40862,Sioux,North Dakota
38087,63942,Slope,North Dakota
38089,75708,Stark,North Dakota
38091,65848,Steele,North Dakota
38093,57642,Stutsman,North Dakota
38095,53696,Towner,North Dakota
38097,62870,Traill,North Dakota
38099,54414,Walsh,North Dakota
38101,67753,Ward,North Dakota
38103,57989,Wells,North Dakota
38105,86575,Williams,North Dakota
39001,36894,Adams,Ohio
39003,50552,Allen,Ohio
39005,52730,Ashland,Ohio
39007,44823,Ashtabula,Ohio
39009,37778,Athens,Ohio
39011,61758,Auglaize,Ohio
39013,49361,Belmont,Ohio
39015,52356,Brown,Ohio
39017,63358,Butler,Ohio
39019,52394,Carroll,Ohio
39021,57103,Champaign,Ohio
39023,48502,Clark,Ohio
39025,64822,Clermont,Ohio
39027,51354,Clinton,Ohio
39029,46306,Columbiana,Ohio
39031,44491,Coshocton,Ohio
39033,42892,Crawford,Ohio
39035,48435,Cuyahoga,Ohio
39037,52691,Darke,Ohio
39039,57665,Defiance,Ohio
39041,104322,Delaware,Ohio
39043,52270,Erie,Ohio
39045,66175,Fairfield,Ohio
39047,46478,Fayette,Ohio
39049,58762,Franklin,Ohio
39051,60231,Fulton,Ohio
39053,42113,Gallia,Ohio
39055,79956,Geauga,Ohio
39057,67109,Greene,Ohio
39059,43975,Guernsey,Ohio
39061,54976,Hamilton,Ohio
39063,55644,Hancock,Ohio
39065,48773,Hardin,Ohio
39067,48462,Harrison,Ohio
39069,59083,Henry,Ohio
39071,43297,Highland,Ohio
39073,50000,Hocking,Ohio
39075,62111,Holmes,Ohio
39077,51559,Huron,Ohio
39079,45340,Jackson,Ohio
39081,44819,Jefferson,Ohio
39083,55131,Knox,Ohio
39085,63475,Lake,Ohio
39087,44372,Lawrence,Ohio
39089,62715,Licking,Ohio
39091,55150,Logan,Ohio
39093,56965,Lorain,Ohio
39095,46924,Lucas,Ohio
39097,65264,Madison,Ohio
39099,44682,Mahoning,Ohio
39101,45464,Marion,Ohio
39103,74243,Medina,Ohio
39105,43591,Meigs,Ohio
39107,59417,Mercer,Ohio
39109,57544,Miami,Ohio
39111,43956,Monroe,Ohio
39113,49314,Montgomery,Ohio
39115,41731,Morgan,Ohio
39117,56010,Morrow,Ohio
39119,45276,Muskingum,Ohio
39121,47456,Noble,Ohio
39123,57918,Ottawa,Ohio
39125,51933,Paulding,Ohio
39127,48811,Perry,Ohio
39129,62214,Pickaway,Ohio
39131,43729,Pike,Ohio
39133,56618,Portage,Ohio
39135,55374,Preble,Ohio
39137,62001,Putnam,Ohio
39139,47346,Richland,Ohio
39141,48403,Ross,Ohio
39143,51701,Sandusky,Ohio
39145,39731,Scioto,Ohio
39147,49936,Seneca,Ohio
39149,61042,Shelby,Ohio
39151,52190,Stark,Ohio
39153,55448,Summit,Ohio
39155,45975,Trumbull,Ohio
39157,51170,Tuscarawas,Ohio
39159,82775,Union,Ohio
39161,52754,Van Wert,Ohio
39163,42114,Vinton,Ohio
39165,83330,Warren,Ohio
39167,48572,Washington,Ohio
39169,56348,Wayne,Ohio
39171,49491,Williams,Ohio
39173,59789,Wood,Ohio
39175,52940,Wyandot,Ohio
40001,32986,Adair,Oklahoma
40003,59569,Alfalfa,Oklahoma
40005,38821,Atoka,Oklahoma
40007,51996,Beaver,Oklahoma
40009,48725,Beckham,Oklahoma
40011,50391,Blaine,Oklahoma
40013,43245,Bryan,Oklahoma
40015,44588,Caddo,Oklahoma
40017,71157,Canadian,Oklahoma
40019,49216,Carter,Oklahoma
40021,40936,Cherokee,Oklahoma
40023,32129,Choctaw,Oklahoma
40025,46071,Cimarron,Oklahoma
40027,62863,Cleveland,Oklahoma
40029,40000,Coal,Oklahoma
40031,52227,Comanche,Oklahoma
40033,51623,Cotton,Oklahoma
40035,41701,Craig,Oklahoma
40037,49578,Creek,Oklahoma
40039,48884,Custer,Oklahoma
40041,39742,Delaware,Oklahoma
40043,50037,Dewey,Oklahoma
40045,52705,Ellis,Oklahoma
40047,51332,Garfield,Oklahoma
40049,45066,Garvin,Oklahoma
40051,58177,Grady,Oklahoma
40053,56287,Grant,Oklahoma
40055,38322,Greer,Oklahoma
40057,41607,Harmon,Oklahoma
40059,50114,Harper,Oklahoma
40061,39375,Haskell,Oklahoma
40063,39265,Hughes,Oklahoma
40065,45757,Jackson,Oklahoma
40067,37319,Jefferson,Oklahoma
40069,40077,Johnston,Oklahoma
40071,45426,Kay,Oklahoma
40073,60656,Kingfisher,Oklahoma
40075,38209,Kiowa,Oklahoma
40077,42363,Latimer,Oklahoma
40079,39769,Le Flore,Oklahoma
40081,49362,Lincoln,Oklahoma
40083,62035,Logan,Oklahoma
40085,52007,Love,Oklahoma
40087,64492,McClain,Oklahoma
40089,35829,McCurtain,Oklahoma
40091,37086,McIntosh,Oklahoma
40093,54118,Major,Oklahoma
40095,45828,Marshall,Oklahoma
40097,48853,Mayes,Oklahoma
40099,51490,Murray,Oklahoma
40101,42689,Muskogee,Oklahoma
40103,53253,Noble,Oklahoma
40105,41895,Nowata,Oklahoma
40107,38527,Okfuskee,Oklahoma
40109,52855,Oklahoma,Oklahoma
40111,42175,Okmulgee,Oklahoma
40113,47789,Osage,Oklahoma
40115,39070,Ottawa,Oklahoma
40117,47413,Pawnee,Oklahoma
40119,40944,Payne,Oklahoma
40121,45346,Pittsburg,Oklahoma
40123,49235,Pontotoc,Oklahoma
40125,47683,Pottawatomie,Oklahoma
40127,37457,Pushmataha,Oklahoma
40129,47667,Roger Mills,Oklahoma
40131,62949,Rogers,Oklahoma
40133,38706,Seminole,Oklahoma
40135,38328,Sequoyah,Oklahoma
40137,46166,Stephens,Oklahoma
40139,50450,Texas,Oklahoma
40141,40462,Tillman,Oklahoma
40143,53902,Tulsa,Oklahoma
40145,61566,Wagoner,Oklahoma
40147,52103,Washington,Oklahoma
40149,52510,Washita,Oklahoma
40151,56899,Woods,Oklahoma
40153,58706,Woodward,Oklahoma
41001,43921,Baker,Oregon
41003,58655,Benton,Oregon
41005,76597,Clackamas,Oregon
41007,52583,Clatsop,Oregon
41009,59714,Columbia,Oregon
41011,43308,Coos,Oregon
41013,44524,Crook,Oregon
41015,46396,Curry,Oregon
41017,63680,Deschutes,Oregon
41019,45812,Douglas,Oregon
41021,42976,Gilliam,Oregon
41023,45357,Grant,Oregon
41025,41797,Harney,Oregon
41027,62935,Hood River,Oregon
41029,50851,Jackson,Oregon
41031,50339,Jefferson,Oregon
41033,43046,Josephine,Oregon
41035,43522,Klamath,Oregon
41037,36627,Lake,Oregon
41039,49958,Lane,Oregon
41041,46061,Lincoln,Oregon
41043,52097,Linn,Oregon
41045,42478,Malheur,Oregon
41047,56097,Marion,Oregon
41049,55440,Morrow,Oregon
41051,64337,Multnomah,Oregon
41053,58344,Polk,Oregon
41055,48056,Sherman,Oregon
41057,47500,Tillamook,Oregon
41059,51887,Umatilla,Oregon
41061,48617,Union,Oregon
41063,44953,Wallowa,Oregon
41065,50973,Wasco,Oregon
41067,78010,Washington,Oregon
41069,33456,Wheeler,Oregon
41071,59484,Yamhill,Oregon
42001,64507,Adams,Pennsylvania
42003,58383,Allegheny,Pennsylvania
42005,49032,Armstrong,Pennsylvania
42007,55828,Beaver,Pennsylvania
42009,49146,Bedford,Pennsylvania
42011,61522,Berks,Pennsylvania
42013,47969,Blair,Pennsylvania
42015,51457,Bradford,Pennsylvania
42017,86055,Bucks,Pennsylvania
42019,68472,Butler,Pennsylvania
42021,45901,Cambria,Pennsylvania
42023,41485,Cameron,Pennsylvania
42025,53624,Carbon,Pennsylvania
42027,58055,Centre,Pennsylvania
42029,96726,Chester,Pennsylvania
42031,45625,Clarion,Pennsylvania
42033,47270,Clearfield,Pennsylvania
42035,49234,Clinton,Pennsylvania
42037,49889,Columbia,Pennsylvania
42039,49144,Crawford,Pennsylvania
42041,68895,Cumberland,Pennsylvania
42043,58916,Dauphin,Pennsylvania
42045,71539,Delaware,Pennsylvania
42047,51112,Elk,Pennsylvania
42049,49716,Erie,Pennsylvania
42051,44476,Fayette,Pennsylvania
42053,38383,Forest,Pennsylvania
42055,59713,Franklin,Pennsylvania
42057,51259,Fulton,Pennsylvania
42059,54121,Greene,Pennsylvania
42061,48597,Huntingdon,Pennsylvania
42063,46877,Indiana,Pennsylvania
42065,46818,Jefferson,Pennsylvania
42067,52765,Juniata,Pennsylvania
42069,50875,Lackawanna,Pennsylvania
42071,63823,Lancaster,Pennsylvania
42073,48860,Lawrence,Pennsylvania
42075,59114,Lebanon,Pennsylvania
42077,62178,Lehigh,Pennsylvania
42079,51646,Luzerne,Pennsylvania
42081,52407,Lycoming,Pennsylvania
42083,46953,McKean,Pennsylvania
42085,48768,Mercer,Pennsylvania
42087,47526,Mifflin,Pennsylvania
42089,63931,Monroe,Pennsylvania
42091,88166,Montgomery,Pennsylvania
42093,57183,Montour,Pennsylvania
42095,67565,Northampton,Pennsylvania
42097,47063,Northumberland,Pennsylvania
42099,62266,Perry,Pennsylvania
42101,43744,Philadelphia,Pennsylvania
42103,64247,Pike,Pennsylvania
42105,42821,Potter,Pennsylvania
42107,49190,Schuylkill,Pennsylvania
42109,57638,Snyder,Pennsylvania
42111,48224,Somerset,Pennsylvania
42113,47346,Sullivan,Pennsylvania
42115,53059,Susquehanna,Pennsylvania
42117,50667,Tioga,Pennsylvania
42119,56026,Union,Pennsylvania
42121,47982,Venango,Pennsylvania
42123,48409,Warren,Pennsylvania
42125,61567,Washington,Pennsylvania
42127,54851,Wayne,Pennsylvania
42129,58866,Westmoreland,Pennsylvania
42131,59308,Wyoming,Pennsylvania
42133,63902,York,Pennsylvania
44001,75578,Bristol,Rhode Island
44003,70223,Kent,Rhode Island
44005,77237,Newport,Rhode Island
44007,55233,Providence,Rhode Island
44009,81301,Washington,Rhode Island
45001,36685,Abbeville,South Carolina
45003,50036,Aiken,South Carolina
45005,24560,Allendale,South Carolina
45007,47906,Anderson,South Carolina
45009,32229,Bamberg,South Carolina
45011,36566,Barnwell,South Carolina
45013,63110,Beaufort,South Carolina
45015,59995,Berkeley,South Carolina
45017,44534,Calhoun,South Carolina
45019,61028,Charleston,South Carolina
45021,35836,Cherokee,South Carolina
45023,40080,Chester,South Carolina
45025,40033,Chesterfield,South Carolina
45027,37525,Clarendon,South Carolina
45029,36276,Colleton,South Carolina
45031,36254,Darlington,South Carolina
45033,29362,Dillon,South Carolina
45035,61698,Dorchester,South Carolina
45037,49200,Edgefield,South Carolina
45039,36294,Fairfield,South Carolina
45041,45479,Florence,South Carolina
45043,48071,Georgetown,South Carolina
45045,56789,Greenville,South Carolina
45047,40982,Greenwood,South Carolina
45049,32453,Hampton,South Carolina
45051,48279,Horry,South Carolina
45053,41930,Jasper,South Carolina
45055,49392,Kershaw,South Carolina
45057,55223,Lancaster,South Carolina
45059,41578,Laurens,South Carolina
45061,31651,Lee,South Carolina
45063,59593,Lexington,South Carolina
45065,42262,McCormick,South Carolina
45067,33046,Marion,South Carolina
45069,34203,Marlboro,South Carolina
45071,42765,Newberry,South Carolina
45073,46056,Oconee,South Carolina
45075,36188,Orangeburg,South Carolina
45077,47024,Pickens,South Carolina
45079,53922,Richland,South Carolina
45081,44486,Saluda,South Carolina
45083,50179,Spartanburg,South Carolina
45085,43792,Sumter,South Carolina
45087,40120,Union,South Carolina
45089,32351,Williamsburg,South Carolina
45091,62431,York,South Carolina
46003,59293,Aurora,South Dakota
46005,51700,Beadle,South Dakota
46007,48348,Bennett,South Dakota
46009,54450,Bon Homme,South Dakota
46011,56370,Brookings,South Dakota
46013,56455,Brown,South Dakota
46015,50839,Brule,South Dakota
46017,32500,Buffalo,South Dakota
46019,44387,Butte,South Dakota
46021,52500,Campbell,South Dakota
46023,46389,Charles Mix,South Dakota
46025,47798,Clark,South Dakota
46027,43189,Clay,South Dakota
46029,54774,Codington,South Dakota
46031,35441,Corson,South Dakota
46033,55472,Custer,South Dakota
46035,47772,Davison,South Dakota
46037,44145,Day,South Dakota
46039,57930,Deuel,South Dakota
46041,43954,Dewey,South Dakota
46043,57419,Douglas,South Dakota
46045,68551,Edmunds,South Dakota
46047,50837,Fall River,South Dakota
46049,53889,Faulk,South Dakota
46051,62532,Grant,South Dakota
46053,44479,Gregory,South Dakota
46055,37420,Haakon,South Dakota
46057,65050,Hamlin,South Dakota
46059,52438,Hand,South Dakota
46061,63036,Hanson,South Dakota
46063,57365,Harding,South Dakota
46065,63564,Hughes,South Dakota
46067,54868,Hutchinson,South Dakota
46069,54891,Hyde,South Dakota
46071,33438,Jackson,South Dakota
46073,49519,Jerauld,South Dakota
46075,41103,Jones,South Dakota
46077,59375,Kingsbury,South Dakota
46079,59232,Lake,South Dakota
46081,52245,Lawrence,South Dakota
46083,81422,Lincoln,South Dakota
46085,53263,Lyman,South Dakota
46087,62234,McCook,South Dakota
46089,43804,McPherson,South Dakota
46091,63594,Marshall,South Dakota
46093,59218,Meade,South Dakota
46095,31222,Mellette,South Dakota
46097,51394,Miner,South Dakota
46099,60028,Minnehaha,South Dakota
46101,58167,Moody,South Dakota
46102,30347,Oglala Lakota,South Dakota
46103,55024,Pennington,South Dakota
46105,56850,Perkins,South Dakota
46107,53600,Potter,South Dakota
46109,50495,Roberts,South Dakota
46111,54899,Sanborn,South Dakota
46115,52729,Spink,South Dakota
46117,71763,Stanley,South Dakota
46119,64028,Sully,South Dakota
46121,24257,Todd,South Dakota
46123,51027,Tripp,South Dakota
46125,55380,Turner,South Dakota
46127,69563,Union,South Dakota
46129,52123,Walworth,South Dakota
46135,54694,Yankton,South Dakota
46137,37143,Ziebach,South Dakota
47001,49376,Anderson,Tennessee
47003,48945,Bedford,Tennessee
47005,33125,Benton,Tennessee
47007,42889,Bledsoe,Tennessee
47009,54140,Blount,Tennessee
47011,48140,Bradley,Tennessee
47013,38170,Campbell,Tennessee
47015,49523,Cannon,Tennessee
47017,40810,Carroll,Tennessee
47019,36589,Carter,Tennessee
47021,58641,Cheatham,Tennessee
47023,45667,Chester,Tennessee
47025,36077,Claiborne,Tennessee
47027,31487,Clay,Tennessee
47029,33614,Cocke,Tennessee
47031,47998,Coffee,Tennessee
47033,42047,Crockett,Tennessee
47035,43893,Cumberland,Tennessee
47037,56507,Davidson,Tennessee
47039,40233,Decatur,Tennessee
47041,44134,DeKalb,Tennessee
47043,50549,Dickson,Tennessee
47045,43762,Dyer,Tennessee
47047,59017,Fayette,Tennessee
47049,35084,Fentress,Tennessee
47051,49038,Franklin,Tennessee
47053,41886,Gibson,Tennessee
47055,47528,Giles,Tennessee
47057,42997,Grainger,Tennessee
47059,40138,Greene,Tennessee
47061,36987,Grundy,Tennessee
47063,42589,Hamblen,Tennessee
47065,53035,Hamilton,Tennessee
47067,28990,Hancock,Tennessee
47069,38651,Hardeman,Tennessee
47071,39798,Hardin,Tennessee
47073,40335,Hawkins,Tennessee
47075,38362,Haywood,Tennessee
47077,42430,Henderson,Tennessee
47079,40837,Henry,Tennessee
47081,41998,Hickman,Tennessee
47083,43964,Houston,Tennessee
47085,41510,Humphreys,Tennessee
47087,36703,Jackson,Tennessee
47089,47264,Jefferson,Tennessee
47091,34151,Johnson,Tennessee
47093,54437,Knox,Tennessee
47095,34966,Lake,Tennessee
47097,37915,Lauderdale,Tennessee
47099,41553,Lawrence,Tennessee
47101,37139,Lewis,Tennessee
47103,45736,Lincoln,Tennessee
47105,56078,Loudon,Tennessee
47107,41398,McMinn,Tennessee
47109,36055,McNairy,Tennessee
47111,36246,Macon,Tennessee
47113,46223,Madison,Tennessee
47115,48024,Marion,Tennessee
47117,49370,Marshall,Tennessee
47119,54249,Maury,Tennessee
47121,43250,Meigs,Tennessee
47123,38327,Monroe,Tennessee
47125,55972,Montgomery,Tennessee
47127,52294,Moore,Tennessee
47129,40166,Morgan,Tennessee
47131,39866,Obion,Tennessee
47133,36558,Overton,Tennessee
47135,34634,Perry,Tennessee
47137,41004,Pickett,Tennessee
47139,41818,Polk,Tennessee
47141,40888,Putnam,Tennessee
47143,39451,Rhea,Tennessee
47145,50003,Roane,Tennessee
47147,61774,Robertson,Tennessee
47149,63846,Rutherford,Tennessee
47151,35453,Scott,Tennessee
47153,51750,Sequatchie,Tennessee
47155,45943,Sevier,Tennessee
47157,49782,Shelby,Tennessee
47159,46404,Smith,Tennessee
47161,42269,Stewart,Tennessee
47163,43442,Sullivan,Tennessee
47165,64631,Sumner,Tennessee
47167,60167,Tipton,Tennessee
47169,52864,Trousdale,Tennessee
47171,39851,Unicoi,Tennessee
47173,41352,Union,Tennessee
47175,37127,Van Buren,Tennessee
47177,37715,Warren,Tennessee
47179,46752,Washington,Tennessee
47181,38634,Wayne,Tennessee
47183,38566,Weakley,Tennessee
47185,40745,White,Tennessee
47187,109026,Williamson,Tennessee
47189,71513,Wilson,Tennessee
48001,43355,Anderson,Texas
48003,74233,Andrews,Texas
48005,47714,Angelina,Texas
48007,44865,Aransas,Texas
48009,64476,Archer,Texas
48011,66563,Armstrong,Texas
48013,55265,Atascosa,Texas
48015,65365,Austin,Texas
48017,46485,Bailey,Texas
48019,53683,Bandera,Texas
48021,62941,Bastrop,Texas
48023,40750,Baylor,Texas
48025,42032,Bee,Texas
48027,54184,Bell,Texas
48029,55456,Bexar,Texas
48031,63071,Blanco,Texas
48033,81985,Borden,Texas
48035,50882,Bosque,Texas
48037,47505,Bowie,Texas
48039,79270,Brazoria,Texas
48041,46839,Brazos,Texas
48043,43894,Brewster,Texas
48045,42647,Briscoe,Texas
48047,27378,Brooks,Texas
48049,45457,Brown,Texas
48051,56235,Burleson,Texas
48053,59238,Burnet,Texas
48055,52278,Caldwell,Texas
48057,55469,Calhoun,Texas
48059,44602,Callahan,Texas
48061,37132,Cameron,Texas
48063,42604,Camp,Texas
48065,70087,Carson,Texas
48067,45345,Cass,Texas
48069,45000,Castro,Texas
48071,76850,Chambers,Texas
48073,46044,Cherokee,Texas
48075,40794,Childress,Texas
48077,51191,Clay,Texas
48079,42798,Cochran,Texas
48081,45551,Coke,Texas
48083,43981,Coleman,Texas
48085,94192,Collin,Texas
48087,42750,Collingsworth,Texas
48089,49504,Colorado,Texas
48091,75356,Comal,Texas
48093,47893,Comanche,Texas
48095,43355,Concho,Texas
48097,57646,Cooke,Texas
48099,51440,Coryell,Texas
48101,34375,Cottle,Texas
48103,70398,Crane,Texas
48105,51152,Crockett,Texas
48107,37899,Crosby,Texas
48109,33417,Culberson,Texas
48111,51250,Dallam,Texas
48113,56854,Dallas,Texas
48115,44657,Dawson,Texas
48117,51841,Deaf Smith,Texas
48119,46138,Delta,Texas
48121,83376,Denton,Texas
48123,53779,DeWitt,Texas
48125,41618,Dickens,Texas
48127,27832,Dimmit,Texas
48129,43224,Donley,Texas
48131,37382,Duval,Texas
48133,35325,Eastland,Texas
48135,60676,Ector,Texas
48137,40313,Edwards,Texas
48139,72213,Ellis,Texas
48141,44597,El Paso,Texas
48143,48819,Erath,Texas
48145,38032,Falls,Texas
48147,50761,Fannin,Texas
48149,56297,Fayette,Texas
48151,46827,Fisher,Texas
48153,48555,Floyd,Texas
48155,46354,Foard,Texas
48157,95561,Fort Bend,Texas
48159,52944,Franklin,Texas
48161,48731,Freestone,Texas
48163,42476,Frio,Texas
48165,59032,Gaines,Texas
48167,69369,Galveston,Texas
48169,55039,Garza,Texas
48171,58325,Gillespie,Texas
48173,75833,Glasscock,Texas
48175,60492,Goliad,Texas
48177,53006,Gonzales,Texas
48179,47170,Gray,Texas
48181,54370,Grayson,Texas
48183,49287,Gregg,Texas
48185,50298,Grimes,Texas
48187,70931,Guadalupe,Texas
48189,47080,Hale,Texas
48191,32921,Hall,Texas
48193,47500,Hamilton,Texas
48195,39229,Hansford,Texas
48197,42238,Hardeman,Texas
48199,59105,Hardin,Texas
48201,60146,Harris,Texas
48203,51202,Harrison,Texas
48205,59280,Hartley,Texas
48207,46013,Haskell,Texas
48209,65935,Hays,Texas
48211,63778,Hemphill,Texas
48213,45798,Henderson,Texas
48215,38398,Hidalgo,Texas
48217,48823,Hill,Texas
48219,48116,Hockley,Texas
48221,59049,Hood,Texas
48223,51877,Hopkins,Texas
48225,34297,Houston,Texas
48227,51528,Howard,Texas
48229,29318,Hudspeth,Texas
48231,51928,Hunt,Texas
48233,50651,Hutchinson,Texas
48235,54706,Irion,Texas
48237,51700,Jack,Texas
48239,60276,Jackson,Texas
48241,46088,Jasper,Texas
48243,53194,Jeff Davis,Texas
48245,48463,Jefferson,Texas
48247,32049,Jim Hogg,Texas
48249,42005,Jim Wells,Texas
48251,62066,Johnson,Texas
48253,45694,Jones,Texas
48255,52252,Karnes,Texas
48257,65390,Kaufman,Texas
48259,82390,Kendall,Texas
48261,36125,Kenedy,Texas
48263,45926,Kent,Texas
48265,52473,Kerr,Texas
48267,42500,Kimble,Texas
48269,65125,King,Texas
48271,31468,Kinney,Texas
48273,42021,Kleberg,Texas
48275,46146,Knox,Texas
48277,43562,Lamar,Texas
48279,43396,Lamb,Texas
48281,58194,Lampasas,Texas
48283,51792,La Salle,Texas
48285,53021,Lavaca,Texas
48287,55000,Lee,Texas
48289,44818,Leon,Texas
48291,49850,Liberty,Texas
48293,42680,Limestone,Texas
48295,57372,Lipscomb,Texas
48297,55766,Live Oak,Texas
48299,52178,Llano,Texas
48301,81875,Loving,Texas
48303,50473,Lubbock,Texas
48305,43524,Lynn,Texas
48307,45329,McCulloch,Texas
48309,48199,McLennan,Texas
48311,68750,McMullen,Texas
48313,49428,Madison,Texas
48315,37283,Marion,Texas
48317,69722,Martin,Texas
48319,40708,Mason,Texas
48321,45500,Matagorda,Texas
48323,38035,Maverick,Texas
48325,61059,Medina,Texas
48327,40606,Menard,Texas
48329,78888,Midland,Texas
48331,47081,Milam,Texas
48333,41827,Mills,Texas
48335,49670,Mitchell,Texas
48337,51774,Montague,Texas
48339,77416,Montgomery,Texas
48341,51527,Moore,Texas
48343,42961,Morris,Texas
48345,43750,Motley,Texas
48347,43598,Nacogdoches,Texas
48349,47920,Navarro,Texas
48351,40950,Newton,Texas
48353,44346,Nolan,Texas
48355,55048,Nueces,Texas
48357,49928,Ochiltree,Texas
48359,63315,Oldham,Texas
48361,55700,Orange,Texas
48363,45979,Palo Pinto,Texas
48365,51569,Panola,Texas
48367,74625,Parker,Texas
48369,54184,Parmer,Texas
48371,52282,Pecos,Texas
48373,46182,Polk,Texas
48375,43157,Potter,Texas
48377,27061,Presidio,Texas
48379,49872,Rains,Texas
48381,67397,Randall,Texas
48383,70478,Reagan,Texas
48385,34813,Real,Texas
48387,37955,Red River,Texas
48389,58384,Reeves,Texas
48391,48112,Refugio,Texas
48393,73854,Roberts,Texas
48395,54201,Robertson,Texas
48397,94767,Rockwall,Texas
48399,41732,Runnels,Texas
48401,52329,Rusk,Texas
48403,33257,Sabine,Texas
48405,35509,San Augustine,Texas
48407,44658,San Jacinto,Texas
48409,55229,San Patricio,Texas
48411,44698,San Saba,Texas
48413,55677,Schleicher,Texas
48415,55889,Scurry,Texas
48417,45187,Shackelford,Texas
48419,40764,Shelby,Texas
48421,56576,Sherman,Texas
48423,53511,Smith,Texas
48425,53162,Somervell,Texas
48427,29294,Starr,Texas
48429,45336,Stephens,Texas
48431,59286,Sterling,Texas
48433,48000,Stonewall,Texas
48435,60543,Sutton,Texas
48437,38418,Swisher,Texas
48439,64874,Tarrant,Texas
48441,50818,Taylor,Texas
48443,33750,Terrell,Texas
48445,44975,Terry,Texas
48447,44196,Throckmorton,Texas
48449,46698,Titus,Texas
48451,51675,Tom Green,Texas
48453,71767,Travis,Texas
48455,40407,Trinity,Texas
48457,43936,Tyler,Texas
48459,50906,Upshur,Texas
48461,52257,Upton,Texas
48463,41752,Uvalde,Texas
48465,45521,Val Verde,Texas
48467,51935,Van Zandt,Texas
48469,55631,Victoria,Texas
48471,41855,Walker,Texas
48473,57654,Waller,Texas
48475,64630,Ward,Texas
48477,56237,Washington,Texas
48479,42293,Webb,Texas
48481,49619,Wharton,Texas
48483,49352,Wheeler,Texas
48485,46575,Wichita,Texas
48487,48773,Wilbarger,Texas
48489,29944,Willacy,Texas
48491,83679,Williamson,Texas
48493,72445,Wilson,Texas
48495,59167,Winkler,Texas
48497,61709,Wise,Texas
48499,48534,Wood,Texas
48501,68814,Yoakum,Texas
48503,47194,Young,Texas
48505,31113,Zapata,Texas
48507,30988,Zavala,Texas
49001,54212,Beaver,Utah
49003,59937,Box Elder,Utah
49005,56840,Cache,Utah
49007,50278,Carbon,Utah
49009,81250,Daggett,Utah
49011,79690,Davis,Utah
49013,63919,Duchesne,Utah
49015,52055,Emery,Utah
49017,52337,Garfield,Utah
49019,48673,Grand,Utah
49021,46809,Iron,Utah
49023,62237,Juab,Utah
49025,48269,Kane,Utah
49027,60445,Millard,Utah
49029,89274,Morgan,Utah
49031,39440,Piute,Utah
49033,49886,Rich,Utah
49035,71230,Salt Lake,Utah
49037,44680,San Juan,Utah
49039,51720,Sanpete,Utah
49041,53020,Sevier,Utah
49043,100453,Summit,Utah
49045,71020,Tooele,Utah
49047,66736,Uintah,Utah
49049,70408,Utah,Utah
49051,77449,Wasatch,Utah
49053,56877,Washington,Utah
49055,44694,Wayne,Utah
49057,64636,Weber,Utah
50001,65093,Addison,Vermont
50003,53040,Bennington,Vermont
50005,49348,Caledonia,Vermont
50007,69896,Chittenden,Vermont
50009,41045,Essex,Vermont
50011,64258,Franklin,Vermont
50013,69583,Grand Isle,Vermont
50015,60365,Lamoille,Vermont
50017,60159,Orange,Vermont
50019,47915,Orleans,Vermont
50021,54973,Rutland,Vermont
50023,62108,Washington,Vermont
50025,52659,Windham,Vermont
50027,58303,Windsor,Vermont
51001,43210,Accomack,Virginia
51003,75394,Albemarle,Virginia
51005,47794,Alleghany,Virginia
51007,58526,Amelia,Virginia
51009,49170,Amherst,Virginia
51011,56176,Appomattox,Virginia
51013,117374,Arlington,Virginia
51015,61305,Augusta,Virginia
51017,46137,Bath,Virginia
51019,61541,Bedford,Virginia
51021,50511,Bland,Virginia
51023,68410,Botetourt,Virginia
51025,41927,Brunswick,Virginia
51027,30806,Buchanan,Virginia
51029,46261,Buckingham,Virginia
51031,50258,Campbell,Virginia
51033,64715,Caroline,Virginia
51035,43532,Carroll,Virginia
51036,59192,Charles City,Virginia
51037,39212,Charlotte,Virginia
51041,80214,Chesterfield,Virginia
51043,77936,Clarke,Virginia
51045,55484,Craig,Virginia
51047,73116,Culpeper,Virginia
51049,46221,Cumberland,Virginia
51051,29226,Dickenson,Virginia
51053,55880,Dinwiddie,Virginia
51057,52681,Essex,Virginia
51059,121133,Fairfax,Virginia
51061,97469,Fauquier,Virginia
51063,49729,Floyd,Virginia
51065,74931,Fluvanna,Virginia
51067,52639,Franklin,Virginia
51069,73250,Frederick,Virginia
51071,52478,Giles,Virginia
51073,66701,Gloucester,Virginia
51075,89741,Goochland,Virginia
51077,33969,Grayson,Virginia
51079,64979,Greene,Virginia
51081,44534,Greensville,Virginia
51083,42289,Halifax,Virginia
51085,88652,Hanover,Virginia
51087,68572,Henrico,Virginia
51089,36683,Henry,Virginia
51091,46147,Highland,Virginia
51093,71376,Isle of Wight,Virginia
51095,83048,James City,Virginia
51097,54516,King and Queen,Virginia
51099,87321,King George,Virginia
51101,68720,King William,Virginia
51103,50739,Lancaster,Virginia
51105,32718,Lee,Virginia
51107,136268,Loudoun,Virginia
51109,59343,Louisa,Virginia
51111,41868,Lunenburg,Virginia
51113,54197,Madison,Virginia
51115,67009,Mathews,Virginia
51117,42025,Mecklenburg,Virginia
51119,51917,Middlesex,Virginia
51121,54641,Montgomery,Virginia
51125,62446,Nelson,Virginia
51127,79698,New Kent,Virginia
51131,43553,Northampton,Virginia
51133,58677,Northumberland,Virginia
51135,42869,Nottoway,Virginia
51137,68481,Orange,Virginia
51139,47951,Page,Virginia
51141,40486,Patrick,Virginia
51143,45382,Pittsylvania,Virginia
51145,83914,Powhatan,Virginia
51147,46189,Prince Edward,Virginia
51149,67001,Prince George,Virginia
51153,103445,Prince William,Virginia
51155,52638,Pulaski,Virginia
51157,68438,Rappahannock,Virginia
51159,49831,Richmond,Virginia
51161,65467,Roanoke,Virginia
51163,54805,Rockbridge,Virginia
51165,59817,Rockingham,Virginia
51167,39482,Russell,Virginia
51169,39144,Scott,Virginia
51171,54921,Shenandoah,Virginia
51173,40425,Smyth,Virginia
51175,54611,Southampton,Virginia
51177,85330,Spotsylvania,Virginia
51179,106773,Stafford,Virginia
51181,54844,Surry,Virginia
51183,45801,Sussex,Virginia
51185,40978,Tazewell,Virginia
51187,68189,Warren,Virginia
51191,46262,Washington,Virginia
51193,54268,Westmoreland,Virginia
51195,38345,Wise,Virginia
51197,48043,Wythe,Virginia
51199,90367,York,Virginia
51510,96733,Alexandria city,Virginia
51520,37904,Bristol city,Virginia
51530,34273,Buena Vista city,Virginia
51540,58933,Charlottesville city,Virginia
51550,75790,Chesapeake city,Virginia
51570,53716,Colonial Heights city,Virginia
51580,39432,Covington city,Virginia
51590,36301,Danville city,Virginia
51595,30857,Emporia city,Virginia
51600,111574,Fairfax city,Virginia
51610,124796,Falls Church city,Virginia
51620,40375,Franklin city,Virginia
51630,63274,Fredericksburg city,Virginia
51640,31938,Galax city,Virginia
51650,54550,Hampton city,Virginia
51660,43893,Harrisonburg city,Virginia
51670,40497,Hopewell city,Virginia
51678,36466,Lexington city,Virginia
51680,43374,Lynchburg city,Virginia
51683,78462,Manassas city,Virginia
51685,80667,Manassas Park city,Virginia
51690,33224,Martinsville city,Virginia
51700,51884,Newport News city,Virginia
51710,49146,Norfolk city,Virginia
51720,28071,Norton city,Virginia
51730,36135,Petersburg city,Virginia
51735,96831,Poquoson city,Virginia
51740,50224,Portsmouth city,Virginia
51750,36743,Radford city,Virginia
51760,45117,Richmond city,Virginia
51770,43028,Roanoke city,Virginia
51775,57185,Salem city,Virginia
51790,48049,Staunton city,Virginia
51800,70664,Suffolk city,Virginia
51810,74186,Virginia Beach city,Virginia
51820,45738,Waynesboro city,Virginia
51830,56163,Williamsburg city,Virginia
51840,53797,Winchester city,Virginia
53001,49142,Adams,Washington
53003,50423,Asotin,Washington
53005,65650,Benton,Washington
53007,56135,Chelan,Washington
53009,49913,Clallam,Washington
53011,71636,Clark,Washington
53013,51111,Columbia,Washington
53015,51752,Cowlitz,Washington
53017,60452,Douglas,Washington
53019,41924,Ferry,Washington
53021,62002,Franklin,Washington
53023,52525,Garfield,Washington
53025,54982,Grant,Washington
53027,47770,Grays Harbor,Washington
53029,64809,Island,Washington
53031,54471,Jefferson,Washington
53033,89418,King,Washington
53035,71610,Kitsap,Washington
53037,55193,Kittitas,Washington
53039,54056,Klickitat,Washington
53041,50216,Lewis,Washington
53043,50744,Lincoln,Washington
53045,55726,Mason,Washington
53047,45808,Okanogan,Washington
53049,44846,Pacific,Washington
53051,48583,Pend Oreille,Washington
53053,67868,Pierce,Washington
53055,60711,San Juan,Washington
53057,62865,Skagit,Washington
53059,58598,Skamania,Washington
53061,82751,Snohomish,Washington
53063,54852,Spokane,Washington
53065,49200,Stevens,Washington
53067,69592,Thurston,Washington
53069,54085,Wahkiakum,Washington
53071,56533,Walla Walla,Washington
53073,59285,Whatcom,Washington
53075,42163,Whitman,Washington
53077,49871,Yakima,Washington
54001,39580,Barbour,West Virginia
54003,60615,Berkeley,West Virginia
54005,38642,Boone,West Virginia
54007,42213,Braxton,West Virginia
54009,49772,Brooke,West Virginia
54011,38321,Cabell,West Virginia
54013,37610,Calhoun,West Virginia
54015,35875,Clay,West Virginia
54017,46449,Doddridge,West Virginia
54019,40379,Fayette,West Virginia
54021,35810,Gilmer,West Virginia
54023,41071,Grant,West Virginia
54025,39038,Greenbrier,West Virginia
54027,40099,Hampshire,West Virginia
54029,45580,Hancock,West Virginia
54031,47186,Hardy,West Virginia
54033,50433,Harrison,West Virginia
54035,44783,Jackson,West Virginia
54037,76503,Jefferson,West Virginia
54039,45426,Kanawha,West Virginia
54041,39423,Lewis,West Virginia
54043,37679,Lincoln,West Virginia
54045,38123,Logan,West Virginia
54047,26547,McDowell,West Virginia
54049,48605,Marion,West Virginia
54051,43918,Marshall,West Virginia
54053,40347,Mason,West Virginia
54055,39372,Mercer,West Virginia
54057,46354,Mineral,West Virginia
54059,31305,Mingo,West Virginia
54061,49926,Monongalia,West Virginia
54063,36493,Monroe,West Virginia
54065,50661,Morgan,West Virginia
54067,38468,Nicholas,West Virginia
54069,48418,Ohio,West Virginia
54071,41210,Pendleton,West Virginia
54073,48563,Pleasants,West Virginia
54075,39702,Pocahontas,West Virginia
54077,48317,Preston,West Virginia
54079,59626,Putnam,West Virginia
54081,42296,Raleigh,West Virginia
54083,41094,Randolph,West Virginia
54085,44472,Ritchie,West Virginia
54087,34300,Roane,West Virginia
54089,36049,Summers,West Virginia
54091,47205,Taylor,West Virginia
54093,45655,Tucker,West Virginia
54095,41108,Tyler,West Virginia
54097,40401,Upshur,West Virginia
54099,36875,Wayne,West Virginia
54101,34312,Webster,West Virginia
54103,42125,Wetzel,West Virginia
54105,40189,Wirt,West Virginia
54107,45958,Wood,West Virginia
54109,40045,Wyoming,West Virginia
55001,43280,Adams,Wisconsin
55003,43861,Ashland,Wisconsin
55005,50903,Barron,Wisconsin
55007,52910,Bayfield,Wisconsin
55009,59963,Brown,Wisconsin
55011,57134,Buffalo,Wisconsin
55013,49982,Burnett,Wisconsin
55015,72530,Calumet,Wisconsin
55017,57288,Chippewa,Wisconsin
55019,51872,Clark,Wisconsin
55021,65348,Columbia,Wisconsin
55023,48853,Crawford,Wisconsin
55025,70541,Dane,Wisconsin
55027,58870,Dodge,Wisconsin
55029,58287,Door,Wisconsin
55031,52480,Douglas,Wisconsin
55033,56268,Dunn,Wisconsin
55035,55711,Eau Claire,Wisconsin
55037,49128,Florence,Wisconsin
55039,59373,Fond du Lac,Wisconsin
55041,44313,Forest,Wisconsin
55043,52958,Grant,Wisconsin
55045,62699,Green,Wisconsin
55047,53260,Green Lake,Wisconsin
55049,62785,Iowa,Wisconsin
55051,40801,Iron,Wisconsin
55053,52984,Jackson,Wisconsin
55055,63676,Jefferson,Wisconsin
55057,51056,Juneau,Wisconsin
55059,60929,Kenosha,Wisconsin
55061,63118,Kewaunee,Wisconsin
55063,55479,La Crosse,Wisconsin
55065,59629,Lafayette,Wisconsin
55067,46557,Langlade,Wisconsin
55069,56086,Lincoln,Wisconsin
55071,53489,Manitowoc,Wisconsin
55073,59543,Marathon,Wisconsin
55075,47497,Marinette,Wisconsin
55077,49586,Marquette,Wisconsin
55078,43872,Menominee,Wisconsin
55079,48742,Milwaukee,Wisconsin
55081,58178,Monroe,Wisconsin
55083,57105,Oconto,Wisconsin
55085,54198,Oneida,Wisconsin
55087,63536,Outagamie,Wisconsin
55089,82807,Ozaukee,Wisconsin
55091,53140,Pepin,Wisconsin
55093,72111,Pierce,Wisconsin
55095,56932,Polk,Wisconsin
55097,57368,Portage,Wisconsin
55099,46742,Price,Wisconsin
55101,59749,Racine,Wisconsin
55103,51335,Richland,Wisconsin
55105,55832,Rock,Wisconsin
55107,44302,Rusk,Wisconsin
55109,81124,St. Croix,Wisconsin
55111,56732,Sauk,Wisconsin
55113,44555,Sawyer,Wisconsin
55115,54143,Shawano,Wisconsin
55117,58943,Sheboygan,Wisconsin
55119,51698,Taylor,Wisconsin
55121,55865,Trempealeau,Wisconsin
55123,50905,Vernon,Wisconsin
55125,44285,Vilas,Wisconsin
55127,61106,Walworth,Wisconsin
55129,48422,Washburn,Wisconsin
55131,74062,Washington,Wisconsin
55133,84331,Waukesha,Wisconsin
55135,57680,Waupaca,Wisconsin
55137,51195,Waushara,Wisconsin
55139,57124,Winnebago,Wisconsin
55141,53473,Wood,Wisconsin
56001,46865,Albany,Wyoming
56003,53435,Big Horn,Wyoming
56005,79916,Campbell,Wyoming
56007,60206,Carbon,Wyoming
56009,63923,Converse,Wyoming
56011,64055,Crook,Wyoming
56013,54242,Fremont,Wyoming
56015,49774,Goshen,Wyoming
56017,51875,Hot Springs,Wyoming
56019,55991,Johnson,Wyoming
56021,64220,Laramie,Wyoming
56023,64519,Lincoln,Wyoming
56025,60550,Natrona,Wyoming
56027,39359,Niobrara,Wyoming
56029,62666,Park,Wyoming
56031,47096,Platte,Wyoming
56033,58521,Sheridan,Wyoming
56035,78680,Sublette,Wyoming
56037,73008,Sweetwater,Wyoming
56039,83831,Teton,Wyoming
56041,58235,Uinta,Wyoming
56043,53426,Washakie,Wyoming
56045,52867,Weston,Wyoming
72001,12902,Adjuntas Municipio,Puerto Rico
72003,16347,Aguada Municipio,Puerto Rico
72005,16693,Aguadilla Municipio,Puerto Rico
72007,17255,Aguas Buenas Municipio,Puerto Rico
72009,19720,Aibonito Municipio,Puerto Rico
72011,19379,Aasco Municipio,Puerto Rico
72013,18001,Arecibo Municipio,Puerto Rico
72015,16976,Arroyo Municipio,Puerto Rico
72017,16889,Barceloneta Municipio,Puerto Rico
72019,15970,Barranquitas Municipio,Puerto Rico
72021,26017,Bayamn Municipio,Puerto Rico
72023,16080,Cabo Rojo Municipio,Puerto Rico
72025,25006,Caguas Municipio,Puerto Rico
72027,16831,Camuy Municipio,Puerto Rico
72029,20673,Canvanas Municipio,Puerto Rico
72031,29434,Carolina Municipio,Puerto Rico
72033,18253,Catao Municipio,Puerto Rico
72035,21320,Cayey Municipio,Puerto Rico
72037,19103,Ceiba Municipio,Puerto Rico
72039,15071,Ciales Municipio,Puerto Rico
72041,19949,Cidra Municipio,Puerto Rico
72043,19833,Coamo Municipio,Puerto Rico
72045,12812,Comero Municipio,Puerto Rico
72047,15088,Corozal Municipio,Puerto Rico
72049,23802,Culebra Municipio,Puerto Rico
72051,29667,Dorado Municipio,Puerto Rico
72053,19068,Fajardo Municipio,Puerto Rico
72054,20315,Florida Municipio,Puerto Rico
72055,13242,Gunica Municipio,Puerto Rico
72057,16374,Guayama Municipio,Puerto Rico
72059,16922,Guayanilla Municipio,Puerto Rico
72061,33937,Guaynabo Municipio,Puerto Rico
72063,33661,Gurabo Municipio,Puerto Rico
72065,17201,Hatillo Municipio,Puerto Rico
72067,19394,Hormigueros Municipio,Puerto Rico
72069,19880,Humacao Municipio,Puerto Rico
72071,16748,Isabela Municipio,Puerto Rico
72073,15424,Jayuya Municipio,Puerto Rico
72075,20845,Juana Daz Municipio,Puerto Rico
72077,18969,Juncos Municipio,Puerto Rico
72079,13747,Lajas Municipio,Puerto Rico
72081,14540,Lares Municipio,Puerto Rico
72083,13435,Las Maras Municipio,Puerto Rico
72085,21792,Las Piedras Municipio,Puerto Rico
72087,17402,Loza Municipio,Puerto Rico
72089,20829,Luquillo Municipio,Puerto Rico
72091,19459,Manat Municipio,Puerto Rico
72093,13262,Maricao Municipio,Puerto Rico
72095,19788,Maunabo Municipio,Puerto Rico
72097,14120,Mayagez Municipio,Puerto Rico
72099,14155,Moca Municipio,Puerto Rico
72101,20589,Morovis Municipio,Puerto Rico
72103,19356,Naguabo Municipio,Puerto Rico
72105,19332,Naranjito Municipio,Puerto Rico
72107,13319,Orocovis Municipio,Puerto Rico
72109,15761,Patillas Municipio,Puerto Rico
72111,17592,Peuelas Municipio,Puerto Rico
72113,17173,Ponce Municipio,Puerto Rico
72115,16630,Quebradillas Municipio,Puerto Rico
72117,21591,Rincn Municipio,Puerto Rico
72119,22509,Ro Grande Municipio,Puerto Rico
72121,16846,Sabana Grande Municipio,Puerto Rico
72123,16887,Salinas Municipio,Puerto Rico
72125,15619,San Germn Municipio,Puerto Rico
72127,22146,San Juan Municipio,Puerto Rico
72129,18821,San Lorenzo Municipio,Puerto Rico
72131,14812,San Sebastin Municipio,Puerto Rico
72133,17640,Santa Isabel Municipio,Puerto Rico
72135,28863,Toa Alta Municipio,Puerto Rico
72137,24899,Toa Baja Municipio,Puerto Rico
72139,31193,Trujillo Alto Municipio,Puerto Rico
72141,16533,Utuado Municipio,Puerto Rico
72143,18895,Vega Alta Municipio,Puerto Rico
72145,19096,Vega Baja Municipio,Puerto Rico
72147,15539,Vieques Municipio,Puerto Rico
72149,19855,Villalba Municipio,Puerto Rico
72151,16013,Yabucoa Municipio,Puerto Rico
72153,14954,Yauco Municipio,Puerto Rico
29KAN,52405,Kansas City,Missouri
29JOP,42782,Joplin,Missouri
36NYC,60762,New York City,New York
